page_id,title,country_of_origin
3683,Akafuba,Uganda
3733,ENKOKO:EBIKA,Uganda
3736,User:Kiriggwajjo Anatole Jesero,Uganda
3990,Embwa,Uganda
4117,User talk:Tonny Ineza,Uganda
5491,Geoffrey Oryema,Uganda
6161,Muntunsolo ya byanfuna(homo economicus),Uganda
6188,Okufuga embeera z'Obuntu(Controling human emotions),Uganda
6751,User:Semakulaa,Uganda
7325,Yoweri Museveni,Uganda
7469,Barbara Kaija,Uganda
7470,Amelia Kyambadde,Uganda
7472,Betty Nambooze,Uganda
7473,Winnie Kiiza,Uganda
7474,Judith Nabakooba,Uganda
7476,Rema Namakula,Uganda
7478,Juliana Kanyomozi,Uganda
7480,Allen Kagina,Uganda
7523,Template:Featured Article of the day/FAOD-06,Uganda
7532,Template:Featured Article of the day/FAOD-08,Uganda
7695,Idi Amin,Uganda; India
7698,Bazilio Olara-Okello,Uganda
7699,Paulo Muwanga,Uganda
7701,Yusuf Lule,Uganda
7743,Maria Kiwanuka,Uganda
7792,Caroline Kamya,Uganda
7795,Ruth Wanyana,Uganda
7796,Abu Kawenja,Uganda
7808,Buddu,Uganda
7815,Essomero lya Kibuli Sekendule,Uganda
7836,Shamim Malende,Uganda
7837,Persis Namuganza,Uganda
7842,Angelline Osegge,Uganda
7844,Barbara Nekesa Oundo,Uganda
7846,Edith Mary Bataringaya,Uganda
7847,Anita Among,Uganda
7849,Sarah Najjuma,Uganda
7850,Agnes Taaka,Uganda
7852,Dorcus Acen,Uganda
7856,Anna Ebaju Adeke,Uganda
7861,Janet Grace Akech Okori-Moe,Uganda
7862,Agnes Atim Apea,Uganda
7866,Ndamira Atwakire,Uganda
7867,Agnes Nandutu,Uganda
7868,Mary Paula Kebirungi Turyahikayo,Uganda
7870,Christine Tubo Nakwang,Uganda
7871,Emma Boona,Uganda
7872,Norah Bigirwa-Nyendwoha,Uganda
7873,Juliet Kyinyamatama Suubi,Uganda
7874,Kevin Ojinga Kaala,Uganda
7875,Maria Mutagamba,Uganda
7876,Winnie Nanyondo,Uganda
7880,Annet Katusiime Mugisha,Uganda
7884,Aisha Sekindi,Uganda
7887,Grace Akello,Uganda
7889,Hanifa Kawooya,Uganda
7893,Zomura Manezo,Uganda
7895,Agnes Acibu,Uganda
7897,Victorious Zawedde,Uganda
7898,Hanifa Nabukeera,Uganda
7918,Robinah Nabbanja,Uganda
7926,Beatrice Were,Uganda
7929,Abdu Katuntu,Uganda
7930,Sarah Achieng Opendi,Uganda
7931,Edward Rugumayo,Uganda
7932,Francis K. Butagira,Uganda
7935,James Wapakhabulo,Uganda
7936,Meddie Kaggwa,Uganda
7937,Ssekabaka Mutesa II,Uganda
7938,Frank Tumwebaze,Uganda
7939,Ow'ekitiibwa Edward Kiwanuka Ssekandi,Uganda
7940,Thomas Tayebwa,Uganda
7941,Rebecca Kadaga,Uganda
7942,Jacob Oulanyah,Uganda
7943,Monica Musenero,Uganda
7944,Diana Atwine,Uganda
7945,Aggrey Bagiire,Uganda
7946,Abed Bwanika,Uganda
7947,Moses Ali,Uganda
7949,Charles Bakkabulindi,Uganda
7951,Jeje Odongo,Uganda
7953,Michael Lulume Bayigga,Uganda
7957,David Bahati,Uganda
7959,Harriet Businge,Uganda
7960,Denis Obua,Uganda
7962,Justine Lumumba Kasule,Uganda
7963,Ebyafaayo bya Uganda,Uganda; India
7964,Henry Oryem Okello,Uganda
7966,National Resistance Movement,Uganda
7967,Jessica Alupo,Uganda
7968,Jim Muhwezi,Uganda
7969,Omulangirizi,Uganda
7970,Allan Ssewanyana,Uganda
7971,Muhammad Nsereko,Uganda
7972,Wilson Muruli Mukasa,Uganda
7973,Ibrahim Ssemujju Nganda,Uganda
7978,Nandala Mafabi,Uganda
7982,Sam Mangusho Cheptoris,Uganda
7983,Kahinda Otafiire,Uganda
7984,Katumba Wamala,Uganda
7986,Amama Mbabazi,Uganda
7987,Hilary Onek,Uganda
7988,Kiryowa Kiwanuka,Uganda
8002,Uganda National Cultural Centre,Uganda
8009,Mabira Forest,India
8068,John Chrysestom Muyingo,Uganda
8071,User:Solomon Suubi,Uganda
8079,Dorothy Nyakato,Uganda
8082,Sheila Nduhukire,Uganda
8083,Alice Alaso,Uganda
8085,Victoria Nalongo Namusisi,Uganda
8087,Baby Gloria,Uganda
8089,Alice Kaboyo,Uganda
8092,Mugisha Muhanga Margaret,Uganda
8098,Rose Mwebaza,Uganda
8100,Judith Adong,Uganda
8104,Jane Frances Kuka,Uganda
8107,Angella Katatumba,Uganda
8113,Ampaire Shakira,Uganda
8116,Babungi Josephine Bebona,Uganda
8119,Nvumetta Ruth Kavuma,Uganda
8121,Angella Emurwon,Uganda
8124,Kiiza Eron,Uganda
8125,Primah Kwagala,Uganda
8126,Eddy Yawe,Uganda
8127,Kayinga Muddu Yisito,Uganda
8128,Immaculate Akello,Uganda
8129,Aamito Lagum,Uganda
8130,Hilda Flavia Nakabuye,Uganda
8131,Franc Kamugyisha,Uganda
8164,Jessica Nabongo,Uganda
8165,Apollo Makubuya,Uganda
8168,Lawrence Mulindwa,Uganda
8181,Jennifer Ayoo,Uganda
8182,David Obua,Uganda
8183,Vinka (musician),Uganda
8195,Azawi,Uganda
8204,Flavia Nabagabe Kalule,Uganda
8205,Brenda Namukuta,Uganda
8219,John Blaq,Uganda
8224,Abraham Chepkirwok,Uganda
8225,Julius Achon,Uganda
8228,Daniel Kipkorir Chepyegon,Uganda
8231,Moses Ndiema Kipsiro,Uganda
8232,Hassan Wasswa,Uganda
8234,Jimmy Katumba,Uganda
8236,Annet Nandujja,Uganda
8237,Esther and Ezekiel,Uganda
8238,Hannz Tactiq,Uganda
8239,Ekisaawe ky'okuyimba mu Uganda,Uganda
8241,Angela Kalule,Uganda
8242,Giovanni Kiyingi,Uganda
8245,Cindy Sanyu,Uganda
8246,NBS Television (Uganda),Uganda
8250,Milton Obote,Uganda; India
8258,Alimansi Kadogo,Uganda
8261,Geofrey Kusuro,Uganda
8262,Felix Chemonges,Uganda
8267,Simon Ayeko,Uganda
8268,Okuyimba mu Uganda,Uganda
8269,Fred Rwigyema,Uganda
8270,Vampino,Uganda
8272,Jackie Akello,Uganda
8275,Ruth Kyalisima,Uganda
8276,Assani Bajope,Uganda
8278,Ekibiina kya Conservative Party (Uganda),Uganda
8282,Mukotani Rugyendo,Uganda
8283,Ruyonga,Uganda
8284,Sandra Suubi,Uganda
8288,Ali Kimera,Uganda
8289,Abu Mayanja,Uganda
8290,Kataleya ne Kandle,Uganda
8293,Desire Luzinda,Uganda
8294,Grace Ibingira,Uganda
8295,Mariam Ndagire,Uganda
8296,Kizza Besigye,Uganda
8299,Judith Babirye,Uganda
8304,Sylver Kyagulanyi,Uganda
8305,Radio Muhabura,Rwanda
8308,User:Emmanuel Ssekaggo,Uganda
8309,Ken Lukyamuzi,Uganda
8310,Ekisaawe kya Nakivubo,Uganda
8315,National Unity Platform,Uganda
8323,Ekisaawe ky'eggwanga ekya Mandela,Uganda
8325,Moses Golola,Uganda
8326,Charles Peter Mayiga,Uganda
8330,Wilson Bugembe,Uganda
8335,Ruhakana Ruganda,Uganda
8336,Philly Bongole Lutaaya,Uganda
8337,Apolo Nsibambi,Uganda
8338,Sophie Gombya,Uganda
8344,Paul Ssemogerere,Uganda
8346,Sandra Nankoma,Uganda
8347,Shafik Batambuze,Uganda
8349,Giosue Bellagambi,Uganda
8351,Rolling Stone (Uganda),Uganda
8355,Kintu Musoke,Uganda
8356,AK 47 Mayanja,Uganda
8358,GNL Zamba,Uganda
8368,John Ssebaana Kizito,Uganda
8371,Norbert Mao,Uganda
8374,Samuel Wako Wambuzi,Uganda
8376,Sheebah Karungi,Uganda
8377,Steven Kavuma,Uganda
8378,Bart Magunda Katureebe,Uganda
8379,Allan Toniks,Uganda
8380,Alfonse Owiny-Dollo,Uganda
8382,Goodlyfe Crew,Uganda
8383,Patrick Amuriat,Uganda
8386,John Babiiha,Uganda
8387,Eddy Kenzo,Uganda
8388,Aloysius Bugingo,Uganda
8399,Anne Kansiime,Uganda
8400,Savio Kabugo,Uganda
8401,Ettoffaali,Uganda
8403,Andrew Kayiira,Uganda
8404,Holy Keane Amooti,Uganda
8405,Aziz Azion,Uganda
8406,Iryn Namubiru,Uganda
8407,Sam Bagenda,Uganda
8408,Papa Cidy,Uganda
8414,Bebe Cool,Uganda
8417,Ragga Dee,Uganda
8418,DJ Mavious,Uganda
8419,Canary Mugume,Uganda
8422,"Fort Lugard, Kampala",Uganda
8424,Omuzikiti gwa Uganda National Mosque,Uganda
8434,Fresh Kid,Uganda
8437,Gabriel K,Uganda
8438,Sam Gombya,Uganda
8442,Beenie Gunter,Uganda
8445,Maurice Kirya,Uganda
8446,Majid Musisi,Uganda
8447,David Lutalo,Uganda
8450,Moses Matovu,Uganda
8451,Peter Miles (omuyimbi),Uganda
8452,Benon Mugumbya,Uganda
8454,Haka Mukiga,Uganda
8455,Benjamin Josses Odoki,Uganda
8458,Herman Wasswa,Uganda
8463,Patrick Mangeni,Uganda
8467,Suzan Kerunen,Uganda
8471,Grace Nakimera,Uganda
8473,Godfrey Walusimbi,Uganda
8484,Sam Ssimbwa,Uganda
8485,Robert Ssejjemba,Uganda
8488,Samalie Matovu,Uganda
8490,Moses Nsereko,Uganda
8492,Irene Ajambo,Uganda
8493,Godfrey Baligeya,Uganda
8495,James Onen,Uganda
8496,Yunus Sentamu,Uganda
8497,Richard Kasagga,Uganda
8500,Asuman Basalirwa,Uganda
8502,Joseph Ochaya,Uganda
8504,Isaac Muleme,Uganda
8505,Peter Odeke,Uganda
8506,Alex Onzima,Uganda
8507,Aisha Kyomuhangi,Uganda
8509,Geofrey Massa,Uganda
8510,Frank Kalanda,Uganda
8513,Eugene Sseppuya,Uganda
8518,Denis Onyango,Uganda
8519,Robert Kakeeto,Uganda
8520,Afrigo Band,Uganda
8521,Vincent Kayizzi,Uganda
8522,Brian Majwega,Uganda
8523,Tony Mawejje,Uganda
8524,Hamza Muwonge,Uganda
8525,Doreen Mirembe,Uganda
8526,Aggrey Awori,Uganda
8528,Miria Matembe,Uganda
8530,Fahad Bayo,Uganda
8531,Stephen Bengo,Uganda
8532,James Nsaba Buturo,Uganda
8533,Ivan Bukenya,Uganda
8534,Dan Wagaluka,Uganda
8535,Moses Waiswa,Uganda
8536,Rose Mbowa,Uganda
8537,Innocent Wafula,Uganda
8539,Brian Umony,Uganda
8541,Muhammad Shaban,Uganda
8542,Postnet Omony,Uganda
8544,Teacher Mpamire,Uganda
8545,Richard Sseruwagi,Uganda
9047,Eggye lya Uganda People's Defense Force,Uganda
9600,Acen Rhoda,Uganda
9601,Adrian Tibaleka,Uganda
9604,Ajilo Elogu Maria Goretti,Uganda
9605,Agnes Akiror,Uganda
9607,Betty Kizza,Uganda
9608,Agnes Ameede,Uganda
9614,Florence Namayanja,Uganda
9618,Catherine Apalat,Uganda
9620,Catherine Kyobutungi,Uganda
9621,Catherine Lamwaka,Uganda
9622,Agnes Namyalo,Uganda
9623,Barbie Kyagulanyi,Uganda
9624,Mary Babirye Kabanda,Uganda
9625,Catherine Namono,Uganda
9627,Cathy Patra,Uganda
9629,Charity Bainababo,Uganda
9630,Charity Basaza Mulenga,Uganda
9631,Alum Sandra Ogwang Santa,Uganda
9632,China Keitetsi,Uganda
9633,Akite Agnes,Uganda
9635,Amina Nababi (Musambi wa Mupiira),Uganda
9636,Asinansi Nyakato,Uganda
9637,Christine Alalo,Uganda
9638,Alengot Oromait,Uganda
9639,Christine Amongin Aporu,Uganda
9642,Akello Judith Franca,Uganda
9645,Christine Apolot,Uganda
9646,Concy Aciro,Uganda
9648,Annet Nyakecho,Uganda
9651,Barbara Mulwana,Uganda
9652,Benna Namugwanya,Uganda
9653,Crystal Newman,Uganda
9654,Alleluya Rosette Ikote,Uganda
9655,Sanyu Robinah Mweruka,Uganda
9656,Daisy Ejang,Uganda
9657,Daisy Nakaziro,Uganda
9660,Safia Juuko Nalule,Uganda
9661,Saidati Kemigisha,Uganda
9665,Sarah Kiguli,Uganda
9670,Davinia Esther Anyakun,Uganda
9672,Diana Angwech,Uganda
9675,Donna Kusemererwa,Uganda
9680,Doreen Amule,Uganda
9682,Anne Juuko (Munnabyanfuna),Uganda
9683,Doris Akol,Uganda
9687,Elizabeth Beikiriize Karungi,Uganda
9688,Elizabeth Kabanda,Uganda
9691,Aisha Nakiyemba,Uganda
9692,Anne Kabagambe,Uganda
9693,Nakisuuyi Omulongoofu,Uganda
9697,Omumbejja Elizabeth ow'e Tooro,Uganda
9699,Angela Musiimenta,Uganda
9700,Angelina Atyam,Uganda
9702,Anna Bitature Mugenyi,Uganda
9703,Anne Mary Kobugabe Tumwine,Uganda
9707,Annie Logiel,Uganda
9712,Esther Nakajjigo,Uganda
9713,Evangeline Barongo,Uganda
9714,Evelyn Kaabule,Uganda
9717,Asiimwe Evarlyne Buregyeya,Uganda
9720,Bako Christine Abia,Uganda
9722,Flora Natumanya,Uganda
9723,Sophia Namutebi,Uganda
9731,Bangirana Kawooya Anifa,Uganda
9734,Barbara Ntambirweki,Uganda
9735,Barumba Beatrice Rusaniya,Uganda
9736,Geraldine Ssali Busuulwa,Uganda
9738,Florence Alice Lubega,Uganda
9740,Beatrice Atim Anywar,Uganda
9742,Hilda Tadria,Uganda
9743,Beatrice Lamwaka,Uganda
9744,Beatrice Rwakimari,Uganda
9745,Beatrice Wabudeya,Uganda
9746,Jacqueline Mbabazi,Uganda
9747,Esther Kalenzi,Uganda
9748,Elizabeth Nantale Mulondo,Uganda
9749,Ben Mary Muwanga,Uganda
9751,Goretti Kyomuhendo,Uganda
9753,Betty Lalam,Uganda
9754,Florence Nsubuga,Uganda
9756,Husnah Kukundakwe,Uganda
9758,Laura Kahunde,Uganda
9764,Grace Akallo,Uganda
9766,Grace Aluka,Uganda
9767,Grace Kesande Bataringaya,Uganda
9768,Grace Tubwita,Uganda
9769,Grace Ndeezi,Uganda
9776,Christine Dranzoa,Uganda
9777,Harriet Anena,Uganda
9778,Hellen Kahunde,Uganda
9779,Grace Kwiyucwiny,Uganda
9782,Hellen Baleke,Uganda
9783,Hilda Twongyeirwe,Uganda
9784,Ife Piankhi,Uganda
9785,Uganda,India; Uganda
10013,Zari Hassan,Uganda
10021,Zaitun Driwaru,Uganda
10022,Joy Doreen Biira,Uganda
10023,Jacinta Athieno Ayo,Uganda
10029,Iriama Margaret,Uganda
10030,Irene Manjeri,Uganda
10031,Oleru Huda,Uganda
10033,Josephine Karungi,Uganda
10086,Teddy Nambooze,Uganda
10088,Tete Chelangat,Uganda
10089,Veronica Isala Eragu Bichetero,Uganda
10092,Namirembe Bitamazire,Uganda
10094,Rosemary Seninde,Uganda
10098,Noerine Kaleeba,Uganda
10099,Susan Nalugwa Kiguli,Uganda
10102,Irene Mulyagonja,Uganda
10107,Dorothy Hyuha,Uganda
10109,Catherine Bamugemereire,Uganda
10116,Sylvia Namutebi,Uganda
10117,Betty Awori Engola,Uganda
10118,Enid Mirembe,Uganda
10121,Jane Kiggundu,Uganda
10125,Jacklet Atuhaire,Uganda
10128,Joan Kagezi,Uganda
10129,Jessica Naiga,Uganda
10130,Jessica Eriyo,Uganda
10135,Sylvia Rwabogo,Uganda
10147,Vanessa Nakate,Uganda
10149,Zahara Nampewo,Uganda
10154,Mariam Naigaga,Uganda
10155,Margaret Zziwa,Uganda
10158,Esther Opoti Dhugira,Uganda
10162,Mpiima Dorothy Christine,Uganda
10165,Masiko Winifred Komuhangi,Uganda
10166,Mary Goretti Kitutu,Uganda
10173,Margaret Sentamu Masagazi,Uganda
10179,Proscovia Nalweyiso,Uganda
10180,Annette Nkalubo,Uganda
10186,Nakisanze Segawa,Uganda
10201,Joe Oloka-Onyango,Uganda
10202,Geoffrey Ogwaro,Uganda
10203,Anup Singh Choudry,India
10204,Peter Takirambudde,Uganda
10205,Victor Mukasa,Uganda
10206,Nicholas Opiyo,Uganda
10208,Femrite,Uganda
10214,Uganda Law Society,Uganda
10216,Joint Energy Environment Projects,Uganda
10224,Ebyobulimi mu Uganda,Uganda
10231,Ekitongole kya Uganda Conservation Foundation,Uganda
10234,Najibu Kivumbi,Uganda
10237,Prince Wasajja Kiwanuka,Uganda
10240,Josephine Nambooze omusajja omulala,Uganda
10242,Kato Lubwama,Uganda
10243,Abby Mukiibi Nkaaga,Uganda
10248,User:Nabukeera Dorothy/Bebe Cool,Uganda
10249,User:Nabukeera Dorothy/AK 47 Mayanja,Uganda
10281,Nalwoga Cerinah Kasirye,Uganda
10290,Gautama Buddha,India; Uganda
10298,Ninsiima Ronah Rita,Uganda
10300,Adonia Katungisa,Uganda
10308,Betty Nakibuuka,Uganda
10423,Brian Lubega,Uganda
10433,James Mamawi,Uganda
10435,Rachael Magoola,Uganda
10436,Aloysius Mukasa,Uganda
10437,Alex Ruhunda,Uganda
10438,Irene Linda Mugisha,Uganda
10439,Margaret Annet Muhanga Mugisa,Uganda
10443,Phyllis Chemutai,Uganda
10444,Robina Gureme Rwakoojo,Uganda
10445,Aisha Kabanda,Uganda
10446,Lillian Obiale Paparu,Uganda
10449,Betty Aol Ochan,Uganda
10451,Sharon Balmoi Laker,Uganda
10452,Karitas Karisimbi,Uganda
10453,Victoria Rusoke Businge,Uganda
10454,Aisa Black Agaba,Uganda
10455,Helen Nakimuli,Uganda
10456,Rose Lilly Akello,Uganda
10458,Janepher Mbabazi Kyomuhendo,Uganda
10459,Tophace Kaawa,Uganda
10460,Omuyimbi Beatrice Byenkya,Uganda
10467,Connie Galiwango Nakayenze,Uganda
10468,Juliet Bashiisha Agasha,Uganda
10471,Jamila Mayanja,Uganda
10472,Zahara Nakiyaga,Uganda
10477,Ruth Doreen Mutebe,Uganda
10478,Rose Obinga,Uganda
10479,Olive Kobusingye,Uganda
10480,Joyce Kavuma,Uganda
10481,Grace Nakibaala,Uganda
10482,Abigaba Cuthbert Mirembe,Uganda
10483,Molly Musiime Asiimwe,Uganda
10485,Santa Okot,Uganda
10489,Margaret Lamwaka Odwar,Uganda
10492,Violet Kajubiri,Uganda
10493,Dorothy Okello,Uganda
10494,Zarina Bhimji,India
10500,Winnie Nantongo,Uganda
10501,Gertrude Nakabira,Uganda
10502,Milly Nassolo,Uganda
10503,Joyce Moriku,Uganda
10507,Violah Nambi,Uganda
10508,Thereza Piloya,Uganda
10509,Jeninah Karungi,Uganda
10511,Alice Nabatanzi,Uganda
10512,Lukia Isanga Nakadama,Uganda
10513,Agather Atuhaire,Uganda
10514,"Sandra Katushabe,",Uganda
10516,Joyce Namirimo Tamale,Uganda
10517,Jane Asinde,Uganda
10518,Hope Akello,Uganda
10519,Godiva Akullo,Uganda
10520,Bathsheba Okwenje,Uganda
10521,"Lydia Oile, omuyimbi",Uganda
10523,Joy Lehai Kanyarutokye,Uganda
10526,Christine Kitumba,Uganda
10527,Mariam Nabatanzi,Uganda
10528,Grace Oburu,Uganda
10531,Acaye Kerunen,Uganda
10532,Achia Remegio,Uganda
10533,Ajok Lucy,Uganda
10534,Rukiya Chekamondo,Uganda
10535,Prossy Tusabe,Uganda
10536,Laeticia Kikonyogo,Uganda
10537,Annettee Nakimuli,Uganda
10539,Sara Mulindwa,Uganda
10540,"Vanessa Erogbogbo, omuwandiisi w’ebitabo",Uganda
10541,Juliet Sekabunga Nalwanga,Uganda
10543,Jane Suuto,Uganda
10545,Thelma Awori,Uganda
10546,Miriam Muwanga,Uganda
10547,Miriam Mukhaye,Uganda
10548,Nakato Kyabangi Katusiime,Uganda
10549,Hashaka Kabahweza Florence,Uganda
10550,Akumu Catherine Mavenjina,Uganda
10551,Catherine Webombesa,Uganda
10552,Ritah Asiimwe,Uganda
10553,Lillian Bagala,Uganda
10554,Sarah Aguti Nyangkori,Uganda
10555,Hannah Karema Tumukunde,Uganda
10556,Freda Mubanda Kasse,Uganda
10557,Jane Frances Abodo,Uganda
10560,Catherine Adipo,Uganda
10561,Usher Komugisha,Uganda
10562,Immaculate Irumba,Uganda
10563,"Natasha Shirazi, omuwandiisi w’ebitabo",Uganda
10564,Rita Aciro,Uganda
10566,Jenifer Bamuturaki,Uganda
10567,Caroline Adoch,Uganda
10568,Christine Butegwa,Uganda
10569,Winifred Kiryabwire,Uganda
10572,Rowena Turinawe,Uganda
10573,Florence Nkurukenda,Uganda
10575,Rosemary Kerwegi,Uganda
10576,Agnes Kirabo,Uganda
10577,Victor Nekesa,Uganda
10578,Alintuma Nsambu,Uganda
10580,Mariam Fauzat Wangadya,Uganda
10581,Susan Nakawuki,Uganda
10582,Alice Komuhangi Khaukha,Uganda
10583,Beatrice Kiraso,Uganda
10584,Amoit Judith Mary,Uganda
10585,Okullo Aabuka Jallon,Uganda
10587,Damalie Nakanjako,Uganda
10590,Peace Kusasira,Uganda
10593,Lydia Chekwel,Uganda
10595,Justine Nabbosa,Uganda
10596,Jeninah Ntabgoba,Uganda
10598,Lillian Tibatemwa-Ekirikubinza,Uganda
10599,Tezira Jamwa,Uganda
10600,Hellen Asamo,Uganda
10601,Ann Maria Nankabirwa,Uganda
10602,Jovah Kamateeka,Uganda
10604,Monicah Amoding,Uganda
10605,Salim Saleh,Uganda
10606,Nana Kagga,Uganda
10607,Jovrine Kyomukama Kaliisa,Uganda
10608,Violet A. Akurut,Uganda
10609,Christine Ayo Achen,Uganda
10610,Sylvia Nanyonga,Uganda
10611,Goretti Angolikin,Uganda
10612,Jane Mulemwa,Uganda
10613,Regina Amollo,Uganda
10614,Cleopatra Koheirwe,Uganda
10615,Loy Katali,Uganda
10616,Nusura Tiperu,Uganda
10617,Rose Rwakasisi,Uganda
10618,Lillian Aujo,Uganda
10619,Dora Byamukama,Uganda
10620,Justine Khainza,Uganda
10621,Nyana Kakoma,Uganda
10623,Olivia Aya Nakitanda,Uganda
10624,Maria Musoke,Uganda
10625,Monica Birwinyo,Uganda
10627,Joyce Kakuramatsi Kikafunda,Uganda
10628,Susan Jolly Abeja,Uganda
10629,Rosette Kajungu Mutambi,Uganda
10630,User:Nabukeera Dorothy/Rosette Kajungu Mutambi,Uganda
10631,Lowila CD Oketayot,Uganda
10632,Margaret Baba Diri,Uganda
10633,Jessica Ejjembe,Uganda
10634,Margaret Mbeiza Kisira,Uganda
10635,Naome Bagenda,Uganda
10636,Jackee Budesta Batanda,Uganda
10637,Judy Obitre–Gama,Uganda
10638,Julie Mukoda Zabwe,Uganda
10639,Joy Kabatsi,Uganda
10640,Philippa Namutebi Kabali-Kagwa,Uganda
10641,Rose Mutonyi Masaaba,Uganda
10642,Lilly Adong,Uganda
10643,Jane Nabulindo Kwoba,Uganda
10645,Gloria Kamba,Uganda
10646,Mary Mugyenyi,Uganda
10647,Josephine Nabukenya,Uganda
10648,Maud Kamatenesi Mugisha,Uganda
10649,Oyenbot,Uganda
10651,Pumla Kisosonkole,Uganda
10652,Aisha Sematiko,Uganda
10653,Jane Kaberuka,Uganda
10654,Elizabeth Ibanda-Nahamya,Uganda
10655,Rama Jacqueline Aol,Uganda
10656,Fauziah Nakiboneka,Uganda
10657,Anne Atai Omoruto,Uganda
10658,Jamila Lunkuse,Uganda
10661,Godliver Businge,Uganda
10662,Stella Arach-Amoko,Uganda
10663,Sarah Nambawa,Uganda
10664,Lillian Tindyebwa,Uganda
10665,Patricia Apolot,Uganda
10666,Christine Akello,Uganda
10669,Rose Akol,Uganda
10670,Patricia Ojangole,Uganda
10672,Leah Kalanguka,Uganda
10673,Nyakisi Adero,Uganda
10674,Juliet Chekwel,Uganda
10678,Rose Kirumira,Uganda
10679,Victoria Nyanjura,Uganda
10680,Jennifer Nansubuga Makumbi,Uganda
10681,Mariam Najjemba,Uganda
10682,Hope Ekudu,Uganda
10683,Ziria Tibalwa Waako,Uganda
10684,Leni Shida,Uganda
10685,Irene Birungi,Uganda
10686,Molly Nawe Kamukama,Uganda
10687,Grania Rubomboras,Uganda
10688,Peace Butera,Uganda
10689,Bernadette Olowo,Uganda
10690,Katie Kibuka,Uganda
10691,Philippa Ngaju Makabore,Uganda
10692,Irene Ovonji-Odida,Uganda
10696,Queen of Katwe,Uganda
10697,Proscovia Margaret Njuki,Uganda
10698,Anita Fabiola,Uganda
10699,Rebecca Amuge Otengo,Uganda
10700,Phiona Nyamutoro,Uganda
10702,Catherine Amusugut,Uganda
10703,Pauline Irene Batebe,Uganda
10704,Bad Black,Uganda
10705,Cissy Kityo,Uganda
10706,Nimisha Madhvani,Uganda
10707,Christine Nyangoma,Uganda
10708,Proscovia Nabbanja,Uganda
10709,Harriet Mayanja-Kizza,Uganda
10710,Angela Atim Lakor,Uganda
10711,Agnes Konde,Uganda
10712,Rosemary Tumusiime,Uganda
10713,Olive Kazaarwe Mukwaya,Uganda
10714,Suzan Mutesi,Uganda
10715,Oliver Wonekha,Uganda
10716,Penina Kasule,Uganda
10717,Agnes Tibayeita Isharaza,Uganda
10718,Nisha Kalema,Uganda
10719,"Florence Ndagire,",Uganda
10720,Stella Atal,Uganda
10721,Elizabeth Mpagi Bahigeine,Uganda
10722,Juliane Okot Bitek,Uganda
10733,Viboyo,Uganda
10734,Samuel Sserunkuuma,Uganda
10735,Elly Sabiiti,Uganda
10755,Gideon Bagadawa,Uganda
10756,Anthony Masake,Uganda
10766,Barbara Kemigisa,Uganda
10799,Ricky Richard Anywar,Uganda
10803,Pauline Byakika,Uganda
10811,Abel Dhaira,Uganda
10822,Crispus Kiyonga,Uganda
10834,"Jane Awich, omuwandiisi w’ebitabo",Uganda
10836,Zziwa,Uganda
10838,Nathan Ahimbisibwe,Uganda
10839,Simyoni Masaba,Uganda
10845,John Wilson Nattubu Tsekooko,Uganda
10853,Omusajja w’emmwanyi,Uganda
10860,Joseph Kizito,Uganda
10861,Stephen Kaziimba,Uganda
10866,Amos Magezi,Uganda
10871,Balaam Barugahara,Uganda
10874,Emmanuel Tumusiime-Mutebile,Uganda
10875,Louis Kasekende,Uganda
10880,Fred Masagazi,Uganda
10884,Asan Kasingye,Uganda
10885,Shamirah Nabadda,Uganda
10886,Kololo Senior Secondary School,India; Uganda
10891,Elioda Tumwesigye,Uganda
10898,Fik Fameica,Uganda
10899,Stephen Malinga,Uganda
10901,Humphrey Nabimanya,Uganda
10904,Mbale,Uganda; India
10908,Asuman Kiyingi,Uganda
10920,Henry Katumba Tamale,Uganda
10929,Richard Buteera,Uganda
10933,Allan Kateregga,Uganda
10934,"Elly Tumwine, omuwandiisi w’ebitabo",Uganda
10935,John Musinguzi Rujoki,Uganda
10941,David Sejusa,Uganda
10953,Serverus Jjumba,Uganda
10955,Alex Kakuba,Uganda
10957,Joseph Anthony Zziwa,Uganda
10960,Lambert Bainomugisha,Uganda
10961,Robert Odongkara,Uganda
10962,Andrew Mwesigwa,Uganda
10965,Male Mabirizi,Uganda
10970,Zziwa Kennedy,Uganda
10971,Augustine Nshimye,Uganda
10972,Richard Byarugaba,Uganda
10973,Christopher Izama Madrama,Uganda
10975,Charles Barugahare,Uganda
10989,Omutukuvu Nelly-Sade,Uganda
10993,Wilson Mbadi,Uganda
10995,Geoffrey Tumusiime,Uganda
10996,Isaac Musumba,Uganda
10997,James Kazini,Uganda
11003,Geoffrey Kiryabwire,Uganda
11014,Martin Ssempa,Uganda
11025,Kenneth Kakuru,Uganda
11033,Adolf Mwesige,Uganda
11034,Erias Lukwago,Uganda
11050,Henry Tumukunde,Uganda
11051,Kale Kayihura,Uganda
11053,Travis Mutyaba,Uganda
11075,Morley Byekwaso,Uganda
11076,Abdallah Mubiru,Uganda
11086,Lilian Mary Nabulime,Uganda
11115,Gomesi,India
11141,Anne Nassanga,Uganda
11143,Godfrey Makumbi,Uganda
11146,"Janat Chemusto, omuwandiisi w’ebitabo",Uganda
11147,Janat Chemusto,Uganda
11153,Frances Akello,Uganda
11155,Joyce Mpanga,Uganda
11160,Julianne Mweheire,Uganda
11164,Regina Bafaki,Uganda
11165,Tina Drazu,Uganda
11167,Amanda Tumusiime,Uganda
11170,Elizabeth Muwanga Alamo,Uganda
11171,Florence Nkalubo,Uganda
11174,Victoria Walusansa,Uganda
11176,Zafaran (omuyimbi),Uganda
11179,Carol Nakimera,Uganda
11180,Alice Mwesigwa,Uganda
11186,Sostine Namanya,Uganda
11187,"Natasha Nyonyozi, omusajja omulala",Uganda
11205,Agnes Nabukenya,Uganda
11207,Nicholas Omonuk,Uganda
11213,Simon Peter Kinobe,Uganda
11215,Gaetano Batanyenda,Uganda
11216,Augustine Nsumba,Uganda
11217,Steven Mukwala,Uganda
11220,Gavin Kizito,Uganda
11221,Charles Lukwago,Uganda
11224,Thembo Nyombi,Uganda
11228,John Ssebuwufu,Uganda
11229,Emmanuel Katongole,Uganda
11230,David Serwadda,Uganda
11244,User:Solomon Suubi/sandbox,Uganda
11246,Julie Mutesasira,Uganda
11247,Tom Butime,Uganda
11248,Michael Mawanda,Uganda
11249,Patrick Kayemba,Uganda
11250,Abdul Kadir Ali Muwaya,Uganda
11252,Davis Arinaitwe,Uganda
11256,Bright Rwamirama,Uganda
11257,Pela Commodities,Uganda
11258,Mapeera House,Uganda
11259,Olara Otunnu,Uganda
11260,John Kyazze,Uganda
11263,Bobby Lash B2C,Uganda
11266,Benjamin Musoke,Uganda
11267,Junior Kwebiha,Uganda
11268,Saleh Kamba,Uganda
11275,Faridah Nambi,Uganda
11280,Amon Bazira,Uganda
11285,Leila Nakabira,Uganda
11286,Nkulanga Enock,Uganda
11287,Jack Maumbe Mukhwana,Uganda
11288,Martin Stephen Egonda-Ntende,Uganda
11291,Fred Mukisa,Uganda
11293,Simon D'Ujanga,Uganda
11294,Fred Omach,Uganda
11296,Sulaiman Kyebakoze Madada,Uganda
11297,Sulaiman Madada,Uganda
11298,Gagawala Wambuzi,Uganda
11301,Simon Ejua,Uganda
11302,Cotilda Nakate Kikomeko,Uganda
11304,Gordon Wavamunno,Uganda
11307,Yash Tandon,Uganda
11308,Sheikh Abdullahi Ssekimwanyi,Uganda
11309,Richard M Kavuma,Uganda
11313,Kassim Ouma,Uganda
11316,SK Mbuga,Uganda
11317,Canon Andrew Nyote,Uganda
11319,Simon Peter Engurait,Uganda
11325,Ali Kony,Uganda
11326,Onesimus Asiimwe,Uganda
11331,David Guwatudde,Uganda
11334,Sabiiti Muzeyi,Uganda
11335,Polly Namaye,Uganda
11336,Muhammad Kirumira,Uganda
11340,Onegi Obel,Uganda
11354,Christopher Senyonjo,Uganda
11355,Ssekabaka Mwanga II owa Buganda,Uganda
11356,Augustine Kasujja,Uganda
11360,Gerald Kasaato,Uganda
11361,Patrick Salvador Idringi,Uganda
11362,Kamanda Bataringaya,Uganda
11363,Charles Ssekyaaya,Uganda
11364,John Kabaireho,Uganda
11365,Daisuke Ssegwanyi,Uganda
11366,Raymond Rushabiro,Uganda
11368,Katherine Namuddu,Uganda
11369,Peace Mbabazi Kyamukongwire,Uganda
11371,Micheal Etyang,Uganda
11375,Olivia Wawire,Uganda
11377,Aisha Lubega,Uganda
11378,Fatumah Asha,Uganda
11382,Esther Wamala,Uganda
11383,George Kirya,Uganda
11384,Fred Wabwire-Mangen,Uganda
11385,Nelson Sewankambo,Uganda
11389,Joseph Kony,Uganda
11390,Sandy Stevens Tickodri-Togboa,Uganda
11391,Bulaimu Muwanga Kibirige,Uganda
11392,Ivan Semwanga,Uganda
11394,Amos Nzeyi,Uganda
11396,David Wakikona,Uganda
11398,Ignatius Sserulyo,Uganda
11399,Henry Mzili Mujunga,Uganda
11400,Micheal Kasaija,Uganda
11401,Amos Twinomujuni,Uganda
11402,Samuel Turyagyenda,Uganda
11403,Joseph Semwanga,Uganda
11404,Robert Rusoke,Uganda
11405,Francis Chemonges,Uganda
11407,Moses Kamya,Uganda
11408,Muljibhai Madhvani,Uganda
11410,Kirunda Kivejinja,Uganda
11413,Joe Atuhaire,Uganda
11415,Angela Leigh,Uganda
11417,Mohamed Muruli,Uganda
11419,Frederick Kitaka,Uganda
11420,George Baguma,Uganda
11421,Lepono Ndhlovu,Uganda
11422,Faruk Ochimi,Uganda
11428,Elizabeth Nalugemwa,Uganda
11434,Brenda Maraka,Uganda
11435,Karole Kasiita,Uganda
11438,Mukasa Mbidde,Uganda
11439,Patrick Nsamba Oshabe,Uganda
11440,Patricia Munabi Babiiha,Uganda
11441,Mike Mukula,Uganda
11442,Dennis Ngabirano,Uganda
11443,"Shaban Ramadhan Mubaje, omusajja omulala",Uganda
11444,Samuel Okwir,Uganda
11445,Ham Serunjogi,Uganda
11448,Stanislaus Okurut,Uganda
11449,Pio Zirimu,Uganda
11450,Eneriko Seruma,Uganda
11453,Abubakar Muhammad Moki,Uganda
11454,Abayudaaya,Uganda
11455,Frank Nabwiso,Uganda
11456,Brian Mushana Kwesiga,Uganda
11457,Elizabeth Kyazike,Uganda
11458,Alexander David Ssimbwa,Uganda
11459,Yokaana F. Mugisha,Uganda
11460,Richard Carl Ntiru,Uganda
11461,Barbara Barungi,Uganda
11462,Jack Sentongo,Uganda
11464,Angufiru Margaret,Uganda
11465,Lubwa p'Chong,Uganda
11467,Daniel David Ntanda Nsereko,Uganda
11468,Olukalala lw'abannayuganda,Uganda
11469,Ambrosio Kibuuka,Uganda
11470,P'Bitek Okot,Uganda
11475,Samite,Uganda
11476,Paul Ngologoza,Uganda
11477,John Nagenda,Uganda
11481,Vincent Otti,Uganda
11485,Akena p'Ojok,Uganda
11486,Lilian Ruteraho,Uganda
11488,Nasser Sebaggala,Uganda
11490,Kato Serwanga,Uganda
11492,Danny Keogh,Uganda
11495,Abayindi mu Uganda,India; Uganda
11496,James Makumbi,Uganda
11498,Justinian Tamusuza,Uganda
11500,Emmanuel Lumu,Uganda
11501,Henry Wako Muloki,Uganda
11502,Ali Kavuma,Uganda
11503,Muhamed Kizito,Uganda
11507,Abdul Nadduli,Uganda
11508,Joseph Kagimu,Uganda
11509,Amos Okot,Uganda
11510,Morris Ogenga Latigo,Uganda
11511,Maxwell Akora,Uganda
11513,Wilton Sebastian Kezala,Uganda
11524,Shimit Amin,India
11527,Nanji Kalidas Mehta,India
11529,Nick Twinamatsiko,Uganda
11541,Kenneth Kamyuka,Uganda
11544,Raymond Otim,Uganda
11546,List of Ugandan writers,Uganda
11550,Frank Mugisha,Uganda
11551,Samuel Sejjaaka,Uganda
11552,James Mulwana,Uganda
11555,Wycliffe Kiyingi,Uganda
11559,Pepe Julian Onziema,Uganda
11562,Vanita Kayiwa,Uganda
11563,Apollo Kironde,Uganda
11564,Hakim Sendagire,Uganda
11566,Charles Mbire,Uganda
11569,Raphael Owor,Uganda
11573,Uganda Christian University,Uganda
11574,Hilary Mukundane,Uganda
11577,Elizabeth Paula Napeyok,Uganda
11578,Juliet Muzoora Atuhairwe,Uganda
11579,John Ntambirweki,Uganda
11580,Juliet Muzoora,Uganda
11582,Henry Tigan,Uganda
11584,Olukalala lw'abakola ennyimba mu Uganda,Uganda
11587,Shem Bageine,Uganda
11591,Elizabeth Ntege,Uganda
11593,Samson Kasumba,Uganda
11595,Luyimbaza Elias Nalukoola,Uganda
11596,Daudi Migereko,Uganda
11598,Godfrey Kirumira,Uganda
11600,Elvis Sekyanzi,Uganda
11601,Patrick Ocan,Uganda
11602,Elizabeth Muwanga,Uganda
11603,Hassan Basajjabalaba,Uganda
11604,Lawrence Sebalu,Uganda
11608,Faridah Bulega,Uganda
11610,Ismael Orot,Uganda
11611,Shirish Korde,Uganda
11614,Rajat Neogy,Uganda
11622,Francis Mwijukye,Uganda
11623,Micheal B. Nsimbi,Uganda
11624,Omwony Ojwok,Uganda
11625,Arthur Ssegwanyi,Uganda
11627,Jackson Kiprop,Uganda
11629,Master Blaster,Uganda
11630,Mohammed Hamid,Uganda
11631,Gilbert Kaburu,Uganda
11632,Eng Abner Nangwale,Uganda
11635,Stella Nekuusa,Uganda
11636,Lydia Nsaale Kitayimbwa,Uganda
11637,Lukyamuzi Bashir,Uganda
11638,Robert Marie Gay,Uganda
11639,Elly Wamala,Uganda
11641,Yabezi Kiiza,Uganda
11642,Ismail Katamba,Uganda
11646,Mulumba Ivan Matthias,Uganda
11647,George Wilberforce Kakoma,Uganda
11648,Benon Mutambi,Uganda
11650,Kalidi Batuusa,Uganda
11654,Kagayi Peter,Uganda
11655,John Baptist Odama,Uganda
11658,Paalamenti ya Uganda,Uganda
11659,Edward Katongole-Mbidde,Uganda
11663,Sam Kutesa,Uganda
11664,Joshua Baraka,Uganda
11665,Resolve Uganda,Uganda
11670,Tom Voltaire Okwalinga,Uganda
11671,Bashir Ramathan,Uganda
11672,Daniel Mulumba,Uganda
11673,Shahzad Ukani,Uganda
11674,Ahmad Ssengendo,Uganda
11676,James Isabirye Mugoya,Uganda
11677,Ibrahim Abiriga,Uganda
11678,Deo Rwabiita,Uganda
11679,Moses Adome,Uganda
11680,Racheal Nanyonga,Uganda
11682,Brian Ahumuza,Uganda
11683,Gideon Byamugisha,Uganda
11684,Ephraim Kamuntu,Uganda
11686,Ismail Ogama,Uganda
11687,Henry Bagiire,Uganda
11688,Paulson Luttamaguzi,Uganda
11689,Xavier Kyooma,Uganda
11693,Paul Adriga,Uganda
11696,Emmanuel Otiam Otala,Uganda
11698,Robinson Opong,Uganda
11699,Ian Rukunya,Uganda
11700,MIcheal Kawooya,Uganda
11701,Kevin Awino,Uganda
11702,Joyce Apiyo,Uganda
11703,Gertrude Candiru,Uganda
11704,Janet Mbabazi,Uganda
11705,Rita Musamali,Uganda
11707,Semakula Kiwanuka,Uganda
11708,William Unek,Uganda
11709,Alex Coutinho,Uganda
11710,James Kakooza,Uganda
11711,Olutalo/Amazina,Uganda
11713,David Lewis Rubongoya,Uganda
11714,Kizito Maria Kasule,Uganda
11715,Kaka Bagyenda,Uganda
11716,Joe Opio,Uganda
11718,Arthur Sserwanga,Uganda
11720,Asuman Lubowa,Uganda
11721,John Teira,Uganda
11724,Samuel Ssemakula,Uganda
11730,Josephine Kakooza,Uganda
11735,Chosen Becky,Uganda
11736,Jane Kabajungu Bainomugisha,Uganda
11737,Simeo Muwanga Nsubuga,Uganda
11738,Moses Kizige,Uganda
11741,Clare Mugumya,Uganda
11742,Jesca Achan,Uganda
11743,Joan Nampungu,Uganda
11744,Lilian Ajio,Uganda
11746,Olukalala lw'ebibiina by'obufuzi mu Uganda,Uganda
11748,Stella Oyella,Uganda
11750,Geoffrey Onegi Obel,Uganda
11752,Christopehr Henry Muwanga Barlow,Uganda
11754,Christopher Henry Muwanga Barlow,Uganda
11755,Muhayimina Namuwaya,Uganda
11756,Ruth Meeme,Uganda
11757,Herbert Kajumba,Uganda
11759,Sebastian Kyalwazi,Uganda
11760,Richard Musani,Uganda
11761,Olukalala lw'abayimbi bannayuganda,Uganda
11762,Muhoozi Kainerugaba,Uganda
11764,Lydia Mungherera,Uganda
11765,John Baptist Mukasa,Uganda
11768,Micheal Wawuyo Jr.,Uganda
11770,Edith Nakalema,Uganda
11771,Rebecca Mulira,Uganda
11775,Asaba Ruyonga,Uganda
11777,Grace Mary Mugasa,Uganda
11781,George K. Turyasingura,Uganda
11782,Luyimbazi Elias Nalukoola,Uganda
11783,Coopy Bly,Uganda
11787,Yonasani Rwakaikara,Uganda
11789,"Jean-Marc Mwema, omusajja omulala",Uganda
11792,Pius Coxwell Achanga,Uganda
11795,Otandeka Laki,Uganda
11804,John Massa Kasenene,Uganda
11805,Rose Atima Ayaka,Uganda
11811,Edward Muhima,Uganda
11817,Eunice Lubega Posnansky,Uganda
11818,Phoebe Awere Otaala,Uganda
11821,Joshua Sikhu Okonya,Uganda
11822,Zac Niringiye,Uganda
11823,Hamis Kiggundu,Uganda
11825,Racheal Ntono,Uganda
11826,Stephanie Nampiina,Uganda
11827,Carol Namugenyi,Uganda
11828,Mary Nalule,Uganda
11829,Prico Nakitende,Uganda
11830,Joseph Oyanga,Uganda
11831,Ahamed Siraj Kwikiriza,Uganda
11833,Nesta Rugumayo,Uganda
11834,Centenary Bank,Uganda
11836,Robert Katende,Uganda
11837,George Abege,Uganda
11839,Daniel Nkata,Uganda
11841,Sulaiman Segawa,Uganda
11842,Anas Kaliisa,Uganda
11843,Judith Heard,Uganda
11845,Tom Bright,Uganda
11850,William Serwadda,Uganda
11851,Silas Babaluku Balabyekkubo,Uganda
11853,Ruparelia Group,Uganda
11856,Abdullah Muhammad Mukwaya,Uganda
11857,Ramadhan Khamis nga ye muwandiisi w’ebitabo,Uganda
11859,John Ddumba Ssentamu,Uganda
11861,Kenneth Kiyemba,Uganda
11862,Eriya Kategaya,Uganda
11865,Mary Cholhok Nuba,Uganda
11867,Selina Katumba,Uganda
11869,Ssendi Mosh Afrikan,Uganda
11872,Akbar Baig,Uganda
11873,Nehal Bibodi,Uganda
11874,Lydia Mugambi,Uganda
11875,Arthur Kwizera,Uganda
11878,Juma Kisaame,Uganda
11880,Francis Kitaka,Uganda
11881,Pamela Enyonu,Uganda
11882,Pen-Mogi Nyeko,Uganda
11884,Omuyimbi Catherine Abbo,Uganda
11885,Badru Kiggundu,Uganda
11886,Arthur Gakwandi,Uganda
11888,Charles Hamya,Uganda
11892,Hannington Sengendo,Uganda
11893,Minisitule y'ensonga ez'ebweru mu Uganda,Uganda
11894,Lanyero Sarah Ochieng,Uganda
11895,Kintu Florence,Uganda
11896,Byarugaba Grace Isingoma,Uganda
11897,Auru Anne,Uganda
11898,Lukwago Rebecca Nalwanga,Uganda
11900,Robert Ikoja-Odongo,Uganda
11902,Ephraim Biraaro,Uganda
11904,Michael Kintu,Uganda
11905,Robert Mwesigwa,Uganda
11906,Mapenduzi Ojara,Uganda
11907,Felix Ogong,Uganda
11908,Moses Ogwal,Uganda
11909,Robert Migadde,Uganda
11910,Yusuf Mutembuli,Uganda
11911,John Mulimba,Uganda
11912,Solomon Silwany,Uganda
11914,John Nambeshe,Uganda
11915,Arthur Waako Mboizi,Uganda
11916,Yovan Adriko,Uganda
11917,Geoffrey Feta,Uganda
11918,Davis Kamukama,Uganda
11919,Charles Ayume,Uganda
11920,Apollo Ofwono,Uganda
11921,Dan Kimosho,Uganda
11922,Richard Sebamala,Uganda
11923,Michael Kabango,Uganda
11924,Fred Mwesigye,Uganda
11926,Mwine Mpaka Rwamirama,Uganda
11928,Jackson Kafuuzi,Uganda
11929,Peter Ogwang,Uganda
11930,Margaret Komuhangi,Uganda
11937,Lorna Magara,Uganda
11944,Peter Nazareth,Uganda
11955,Lamex Omara Apitta,Uganda
11959,Jagdish Singh Kapoor,Uganda
11961,Upkar Singh Kapoor,Uganda
11962,William Lobo,Uganda
11963,Rajinder Singh Sandhu,Uganda
11964,Kuldip Singh Bhogal,Uganda
11965,Abram Mutyagaba,Uganda
11966,Ajit Singh Bhogal,Uganda
11967,Malkit Singh Sondh,Uganda
11968,Amarjit Singh Sandhu,Uganda
11969,Polycarp Pereira,Uganda
11970,Isaac Chirwa,Uganda
11972,Charles Kabugo,Uganda
11973,Charles Ibingira,Uganda
11986,Emmanuel Karooro,Uganda
11988,Paul Waako,Uganda
11989,Tumusiime Rushedge,Uganda
11992,Jason Ntaro,Uganda
11996,Miraj Barot,Uganda
12001,Ernest Bazanye,Uganda
12003,James Nyakuni,Uganda
12005,"Robert Ikoja-Odongo, omusajja omulala",Uganda
12009,Elly Katunguka,Uganda
12011,Fred Bunjo,Uganda
12014,Michael Kawooya (omusawo),Uganda
12019,Tress Bucyanayandi,Uganda
12020,Abraham Byandaala,Uganda
12021,Galdino Moro Okello,Uganda
12024,Ritah Namayanja Kivumbi,Uganda
12025,Sarah Nambozo Wekomba,Uganda
12029,Ekwaro Obuku,Uganda
12030,Stephen Chebrot,Uganda
12032,James Mutende,Uganda
12036,George Stanley Nsamba,Uganda
12039,Martin Toroitich,Uganda
12040,John Maviiri,Uganda
12043,Ishmail Wainright,Uganda
12048,Fillbert Obenchan,Uganda
12049,Isaac Zebra Jr,Uganda
12050,Sammy Ssebadduka,Uganda
12051,Lawrence Coreta Muganga,Uganda
12058,John Patrick Kakande,Uganda
12059,Betty Okino,Uganda
12062,George Openjuru,Uganda
12065,Kashif Siddiqi,India; Uganda
12068,International University of East Africa,Uganda
12072,Olukalala lw'obuzito bw'abannayuganda,Uganda
12076,Allan Musoke,Uganda
12081,Sura Yekka,Uganda
12082,Divine Mukasa,Uganda
12085,George Mukasa,Uganda
12086,Godfrey Nyakana,Uganda
12088,Latibu Muwonge,Uganda
12089,Nyakasura School,Uganda
12090,Aaron Mushengyezi,Uganda
12091,Jimmy Lwanga,Uganda
12092,Tonny Stone Luggya,Uganda
12093,Denis Rukundo,Uganda
12094,Tom Dradriga,Uganda
12095,Obugumiikiriza Tumusiime Rubagumya,Uganda
12096,Tumusiime Rubagumya,Uganda
12097,Immaculate Chamutai,Uganda
12098,Philip Wokorach,Uganda
12100,St. Denis Ssebugwawo Secondary School,Uganda
12102,Alam Group,Uganda
12103,Derrick Orone,Uganda
12104,Ramz Kawooya,Uganda
12105,Musa Kibet,Uganda
12106,Rosemary Byanyima omusajja omulala,Uganda
12110,Rutamirika,Uganda
12112,Irene Ikomu,Uganda
12113,Stephen Kiggundu,Uganda
12114,Kokoro Janda,Uganda
12116,Robert Wakheya,Uganda
12117,Clive Okoth,Uganda
12118,Brenda Katwesigye,Uganda
12119,Richard Tuwangye,Uganda
12120,Stephen Isabaija,Uganda
12121,Mathias Magoola,Uganda
12123,Henry Musasizi,Uganda
12124,Camilla Barungi,Uganda
12125,Ibrahim Mukiibi,Uganda
12126,Sanga Moses,Uganda
12129,Els de Temmerman,Uganda
12131,Paul D'Arbela,Uganda
12133,John Senyonyi,Uganda
12135,Enyma,Uganda
12139,Robina Sentongo,Uganda
12140,Salaudin Khan,Uganda
12142,David Kato,Uganda
12146,A'Darius Pegues,Uganda
12147,Gabriel Ajedra Aridru,Uganda
12148,Julius Wandera Maganda,Uganda
12149,Gad Gasatura,Uganda
12150,Joseph Obonyo,Uganda
12152,Freedom and Unity Front,Uganda
12153,George William Kyeyune,Uganda
12154,Baltazar Kasirivu-Atwooki,Uganda
12155,David Karubanga,Uganda
12156,Isaac Mulindwa,Uganda
12158,John Walugembe,Uganda
12160,Uganda AIDS Commission,Uganda
12164,Kasha Nabagesera,Uganda
12169,Gerald Nangoli,Uganda
12172,Fred Bwino Kyakulaga,Uganda
12174,Alex Muhangi,Uganda
12181,Mayur Madhvani,Uganda
12196,Naomi Karungi,Uganda
12197,Paul Mwiru,Uganda
12198,Isaac Lumago,Uganda
12199,Bosmic Otim,Uganda
12204,Christopher Israel Umba Gore,Uganda
12206,Daniel Kiganda,Uganda
12208,Francis Takirwa,Uganda
12209,Zeddy Maruru,Uganda
12211,Yasmin Shariff,Uganda
12212,Dusman Sabuni,Uganda
12224,Sam Mbulaiteye,Uganda
12226,Moses Ebuk,Uganda
12227,Stella Nanteza,Uganda
12233,Esther Nabaasa,Uganda
12238,Opiyo Oloya,Uganda
12239,Charles Olweny,Uganda
12243,Peter Mugyenyi,Uganda
12245,Francis Omaswa,Uganda
12246,Roy Mugerwa,Uganda
12248,Jovan Kiryabwire,Uganda
12250,Noble Banadda,Uganda
12252,Magid Kagimu,Uganda
12253,Richard Kanyerezi,Uganda
12254,Mondo Kagonyera,Uganda
12255,Pamela Mbabazi,Uganda
12260,Fox Odoi-Oywelowo,Uganda
12263,Evelyn Nakabira Lagu,Uganda
12264,Liam Voice,Uganda
12268,Sam Tulya-Muhika,Uganda
12270,Yorokamu Tizihwayo,Uganda
12273,Virani Noordin,Uganda
12274,Arthur Ziraba,Uganda
12275,Upendra Patel,Uganda
12276,Joshua Tibatemwa,Uganda
12277,Judith Bakirya,Uganda
12279,Bhanu Patel,Uganda
12282,Ali Fadhul,Uganda
12283,Irfan Afridi,Uganda
12284,Aida Vee,Uganda
12285,Linos Ngompek,Uganda
12286,Jack Odur Lutanywa,Uganda
12287,John Bosco Ikojo,Uganda
12288,Jack Sabiiti,Uganda
12289,Eric Adriko,Uganda
12290,Toby Sibbick,Uganda
12295,Nasejje Jalia,Uganda
12296,Bwesigye bwa Mwesigire,Uganda
12297,Ivy Claire Amoko,Uganda
12298,Martha Kyosaba,Uganda
12302,Narendra M. Patel,Uganda
12303,Jesca Ruth Ataa,Uganda
12306,Bruno K,Uganda
12307,Ruth Mukama,Uganda
12313,Edgar Luberenga,Uganda
12316,Irene Eyaru,Uganda
12318,Doctor Achaye,Uganda
12319,Jerry Sesanga,Uganda
12321,Jimmy Akena Obote,Uganda
12323,Nuhu Mbogo Kyabasinga,Uganda
12326,Lucian Usher-Wilson,Uganda
12328,Herbert Bockhorn,Uganda
12330,Joram Muzira,Uganda
12331,Alex Ireeta,Uganda
12333,Omugave Ndugwa,Uganda
12334,Bannayuganda mu Buyindi,Uganda; India
12335,Johnson Omuhunde Rwashote Byabashaija,Uganda
12339,Robert Katera,Uganda
12342,David Cecil,Uganda
12343,Andrew Rugasira,Uganda
12344,June Kyakobye,Uganda
12345,Paul Mutambuze,Uganda
12346,Mary Musoke,Uganda
12347,Atuhaire Ambala,Uganda
12348,James R Tumusiime,Uganda
12350,Abel Kandiho,Uganda
12354,Jane Bakaluba,Uganda
12356,Whitney Peak,Uganda
12357,Ganda Lal,Uganda
12359,Tendo Mukalazi,Uganda
12360,Francis Mwebesa,Uganda
12361,Milly Mugeni,Uganda
12362,Charles Kagimu,Uganda
12363,Sam Magara,Uganda
12366,Aminah Zawedde,Uganda
12367,Amanda Ngabirano,Uganda
12371,Geoffrey Macho,Uganda
12372,Emmanuel lyamulemye,Uganda
12373,Charlie de Souza,Uganda
12376,Jennifer Alanyo,Uganda
12377,Festo Karwemera,Uganda
12379,Deborah Kasente,Uganda
12380,Sandra Kwikiriza,Uganda
12381,Lawrence Fernandes (omuzannyi wa cricket),Uganda
12383,Frederick Kayanja,Uganda
12384,Susan Basemera,Uganda
12388,Monica Chibita,Uganda
12389,"Shriti Vadera, Baroness Vadera",Uganda
12390,Kassiano Wadri,Uganda
12396,Mississippi Masala,Uganda
12398,Kyeru Phiona Bridget,Uganda
12399,Jacqueline Kyatuheire,Uganda
12400,Flavia Nassuna Matovu,Uganda
12402,Peter Waiswa,Uganda
12403,Margaret Rwebyambu,Uganda
12404,Robinson Obuya,Uganda
12405,Zohran Mamdani,Uganda
12408,The Last King of Scotland,Uganda
12410,Christine Akullo,Uganda
12411,Herbert Kanabi Nsubuga,Uganda
12416,Aboke abductions,Uganda
12419,Yusef Sozi,Uganda
12427,Livingstone Luboobi,Uganda
12439,Hope Nakazibwe Grania,Uganda
12440,Philippa Musoke,Uganda
12441,Kabuye Frank Kibirige,Uganda
12444,Avtar Singh Bhurji,Uganda
12445,Abraham Luzzi,Uganda
12457,Sarah Nakisanze,Uganda
12458,Timothy Wangusa,Uganda
12459,Umar Kakumba,Uganda
12461,Patrick Birungi,Uganda
12469,Victoria Mwaka,Uganda
12470,"Ponsiano Ocama, omuwandiisi w’ebitabo",Uganda
12471,Wilberforce Kisamba Mugerwa,Uganda
12475,Gorretti Byomire,Uganda
12504,Geofrey Kayemba,Uganda
12570,Kikomando,Uganda
12590,Ebinyege,Uganda
12623,Lydia Daphine Mirembe,Uganda
12624,Robina Hope Mukisa,Uganda
12625,Rose Kabagyenyi,Uganda
12626,Lillian Nakate,Uganda
12627,Rosemary Nauwat,Uganda
12629,Kwizera Eudia,Uganda
12630,Kwebiha Joyce,Uganda
12631,Ssinabulya Sylvia Namabidde,Uganda
12632,Gertrude Kulany,Uganda
12633,Acayo Christine Cwinya,Uganda
12634,Sylvia Bahireira Tumwekwase,Uganda
12637,Grace Namara,Uganda
12638,Josyline Kamateneti,Uganda
12639,Juliet Kakande Nakabuye,Uganda
12640,Margret Okunga Makoha,Uganda
12641,Faith Nakut,Uganda
12642,Betty Muzanira,Uganda
12643,Eugenia Nassolo,Uganda
12644,Rose Nalubowa,Uganda
12645,Justine Nameere,Uganda
12646,Patricia Magara,Uganda
12660,Jackson Orem,Uganda
12665,Gloria Seruwagi,Uganda
12667,Amon Ashaba Mwiine,Uganda
12668,Joseph Mugisha,Uganda
12671,Goretti Nassanga,Uganda
12682,Rolex,Uganda
12704,"Alamara Nhassé,",Uganda
12732,"Germaine Kouméalo Anaté, omuwandiisi w’ebitabo",Uganda
12733,Germaine Kouméalo Anaté,Uganda
12747,Olive Kigongo,Uganda
12748,Nataliey Bitature,Uganda
12750,Janet Wesonga,Uganda
12751,Aganza Kisaka,Uganda
12752,Sandra Aceng,Uganda
12755,Justine Nakagiri Ssemwanga,Uganda
12756,Theopista Sekitto Ntale,Uganda
12757,Harriet Nakwedde,Uganda
12760,Maureen Nankya,Uganda
12761,Zaina Namuleme,Uganda
12762,Shamim Mayanja,Uganda
12763,Barbara Allimadi,Uganda
12765,Lynnette Tumwine Kyokunda nga ye muyimbi,Uganda
12768,Ruth Sebatindira,Uganda
12771,Irene Sewankambo,Uganda
12772,Carol Alyek Beyanga,Uganda
12773,Jane Kasumba,Uganda
12775,Shoshana Nambi,Uganda
12776,Sheila Tusiime,Uganda
12777,"Doreck Ankunda, omusajja omulala",Uganda
12778,Doreck Ankunda,Uganda
12779,Beatrice Ayikoru,Uganda
12780,Nadine Byarugaba,Uganda
12782,Josephine Joyce Lalam,Uganda
12783,"Rehema Nanfuka, omusajja omulala",Uganda
12785,"Kemiyondo Coutinho, omusajja omulala",Uganda
12786,Madina Nalwanga,Uganda
12787,Rachael Zena Chebet,Uganda
12788,Christine Lanyero Awany,Uganda
12790,Juliet Zawedde,Uganda
12791,Omuyimbi Kyomuhendo,Uganda
12792,Juliana Kagwa,Uganda
12793,Sharifah Tumusiime,Uganda
12794,Manuela Pacutho,Uganda
12795,Jennifer Mwijukye,Uganda
12796,Doreen Chemutai,Uganda
12798,Patricia Chepkwemoi,Uganda
12799,Doreen Chesang,Uganda
12800,Mercy Kainobwisho,Uganda
12801,Sumaya Komuntale,Uganda
12802,Rose Nakasi,Uganda
12803,Prosperous Nankindu Kavuma,Uganda
12804,Husina Kobugabe,Uganda
12805,Jolly Twebaze Ngabirano,Uganda
12806,Brenda Chekwemoi,Uganda
12808,Felister Chekwemoi,Uganda
12809,Bentalin Yeko,Uganda
12813,Zahara Nandawula,Uganda
12815,Knight Aciru,Uganda
12816,Asha Noppeney,Uganda
12817,Zam Seera,Uganda
12820,Adha Munguleya,Uganda
12821,"Sasha Ferguson, omuwandiisi w’ebitabo",Uganda
12822,Malaika (omuzannyi wa firimu) .,Uganda
12824,Evelyn Namara,Uganda
12826,Suzan Mweheire Kitariko,Uganda
12827,Omuyimbi Sylvia Jagwe Owachi,Uganda
12829,Omuyimbi Shakila Rahim Lamar,Uganda
12830,Grace Muliisa,Uganda
12832,Margaret Baagala,Uganda
12833,Grace Kigeni,Uganda
12839,Gertrude Njuba,Uganda
12843,Josephine Pedun,Uganda
12844,Arinda Daisy Kankiriho,Uganda
12846,Sarah Wasagali Kanaabi,Uganda
12849,"Loice Chekwemoi, omuwandiisi w’ebitabo",Uganda
12850,Alan Kasujja,Uganda
12851,Danielita Favor Nambatya,Uganda
12852,James Nangwala,Uganda
12854,Richard Nduhura,Uganda
12859,Brenda Ekone,Uganda
12867,Allan Enyou,Uganda
12868,Fred Ruhindi,Uganda
12869,Arthur Kisenyi,Uganda
12871,Samuel Iga Zinunula,Uganda
12872,Pamela Annet Kirungi,Uganda
12873,Jeniva Arinaitwe,Uganda
12874,Esther Majambere Musoke,Uganda
12875,Sylvia Tumuheirwe Alinaitwe,Uganda
12876,Esther Lucy Acom,Uganda
12879,Omuzirakisa Cherop,Uganda
12880,Omuyimbi Catherine Ainembabazi,Uganda
12883,Angwech Colline,Uganda
12890,Yunivasite y’ensi yonna eya Metropolitan,Uganda
12891,Metropolitan International University,Uganda
12893,Leilah Babirye,Uganda
12895,Dennis Galabuzi Ssozi,Uganda
12896,Phionah Atuhebwe,Uganda
12900,Manuela Pacutho Mulondo,Uganda
12903,Rehmah Kasule,Uganda
12905,Shamim Nambassa,Uganda
12906,Mildred Tuhaise,Uganda
12907,Ronald Nsubuga Balimwezo,Uganda
12909,Yudaya Nakayenze,Uganda
12911,Kania Obiga,Uganda
12914,Kibirige Mayanja,Uganda
12915,Bulasio Mukasa,Uganda
12917,Gabriel Opio,Uganda
12919,David Kalwanga Lukyamuzi,Uganda
12921,Fred Nyanzi Ssentamu,Uganda
12922,Vincent Woboya,Uganda
12923,Micheal Tusiime,Uganda
12924,Serapio Rukundo,Uganda
12928,Simon Mulongo,Uganda
12930,Willy Mayambala,Uganda
12931,Balyeku Moses Grace,Uganda
12933,Mayanja Kyompitira Sebalu,Uganda
12934,Babiiha Jane Alisemera,Uganda
12935,Zerubabel Nyiira,Uganda
12937,Trinity College Nabbingo,Uganda
12938,St. Mary's College Kisubi,Uganda
12939,"Kasibante Robert, omuwandiisi w’ebitabo",Uganda
12940,Tarsis Kabwegyere,Uganda
12942,Robert Maseruka,Uganda
12943,Mbale Secondary School,Uganda
12946,Makmot Otto,Uganda
12947,Sitenda Sebalu,Uganda
12948,Mathew Rukikaire,Uganda
12949,Kid Fox,Uganda
12950,Robert Mugabe Kakyebezi,Uganda
12951,Nyasio Mudimi,Uganda
12953,Kiwanuka Sulaiman,Uganda
12957,Lawrence Kiiza,Uganda
12958,Odongo Okune,Uganda
12959,Andrew Mwenda,Uganda
12960,Kampala German Language School,Uganda
12964,Frank Bulira Kabinga,Uganda
12966,Kayogera Yona,Uganda
12967,James Rwanyarare nga bwe kiri,Uganda
12968,James Rwanyarare,Uganda
12970,Lawrence Mangusho,Uganda
12971,"Munnamawulire, munnauganda, muwandiisi",Uganda
12972,Nobel Mayombo,Uganda
12973,"Kasibante Robert,",Uganda
12974,Levixone,Uganda
12975,Ayoo Tonny,Uganda
12976,Matayo Lukwiya,Uganda
12977,Charles Onyango-Obbo,Uganda
12978,Moses Isegawa,Uganda
12980,James Dubai Olobo,Uganda
12981,Kirungi Annet Pamela,Uganda
12982,Elton Joseph Mabirizi,Uganda
12984,Richard Gafabusa,Uganda
12987,Ndyomugyenyi Roland Bish,Uganda
12990,Tibasiimwa Joram Ruranga,Uganda
12993,Andrew Kaluya,Uganda
12995,Kibalya Henry Maurice,Uganda
12998,Andrew Baryayanga,Uganda
12999,Okin Ojara,Uganda
13002,Frank Nyangweso,Uganda
13003,Anna Makula,Uganda
13004,Shamim Murerwa,Uganda
13005,Laika Umuhoza,Uganda
13006,Grace Lubega,Uganda
13007,Jeremiah Twa-Twa,Uganda
13011,Gayaza High School,Uganda
13012,Patrick Ogwang,Uganda
13014,Ssebugga Kimeze,Uganda
13015,Kirya Balaki Kebba,Uganda
13017,Christopher Komakech,Uganda
13018,Ebivuga eby'ennono ebya Uganda,Uganda
13019,Emmanuel Wamala,Uganda
13021,Musa Muhwezi,Uganda
13022,Moses Muhwezi,Uganda
13024,Amos Nyathirombo,Uganda
13026,Joseph Kabuleta,Uganda
13027,Lawrence Akugizibwe,Uganda
13031,Grenia Nyamwija,Uganda
13035,Oliva Amani,Uganda
13039,Solomon Serwanjja,Uganda
13044,Chance Nalubega,Uganda
13047,Carol Nantongo,Uganda
13052,Kin Kariisa,Uganda
13054,Biddemu Bazil Mwotta,Uganda
13055,Joseph Almeida (omusomesa),Uganda
13059,Paul Amoru,Uganda
13064,DJ Shiru,Uganda
13065,Yvonne Mpambara,Uganda
13069,Klear Kut,Uganda
13070,Swahili Nation,Uganda
13077,Eddie Wizzy,Uganda
13080,Sitya Loss,Uganda
13082,Namakula Mary Bata,Uganda
13086,Karoli Lwanga,Uganda
13087,Robert Kabushenga,Uganda
13089,Elijah Kitaka,Uganda
13094,Mesach Semakula,Uganda
13097,Manuel Muranga,Uganda
13098,Gladyce Kachope,Uganda
13099,Mathias Mpuuga,Uganda
13102,Enock Nyongore,Uganda
13103,Nakanyike B. Musisi,Uganda
13104,Bernadette Nambi,Uganda
13105,Suzie Muwanga,Uganda
13106,Musa Kizza Musaazi,Uganda
13109,Drake P Mirembe,Uganda
13110,Venansius Baryamureeba,Uganda
13112,Josephine Ahikire,Uganda
13113,Mahmood Mamdani,Uganda; India
13114,Munyonyo Martyrs Shrine,Uganda
13116,Janzi Band,Uganda
13117,Ganda Boys,Uganda
13120,Leslie 'Lee' Kasumba,Uganda
13121,Ernest Okello Ogwang,Uganda
13123,A Pass,Uganda
13124,Achilleus Kiwanuka,Uganda
13125,BigTril,Uganda
13127,I'm Still Here (Juliana Kanyomozi song),Uganda
13128,Asha Naava Zziwa,Uganda
13129,Lumix Da Don,Uganda
13131,Omuziki gwa Baganda,Uganda
13135,Ronald Ssebuguzi,Uganda
13138,B2C Entertainment,Uganda
13142,Mark Ouma,Uganda
13145,Viola Nimuhamya,Uganda
13146,Ali Kiiza,Uganda
13147,Lillian Zawedde,Uganda
13148,Mun G,Uganda
13149,Annet Nakimbugwe,Uganda
13152,Victor Ray,Uganda
13153,Solome Bossa,Uganda
13155,Nancy Kacungira,Uganda
13162,Bashir Kazibwe,Uganda
13163,Category:Bayimbi,Uganda
13164,Ivan Kyeyune,Uganda
13165,Esther Nakaziba,Uganda
13167,Rubanda-Mayonza,Uganda
13168,Pyarali Merali,Uganda
13169,Emily Maractho,Uganda
13170,Dominica Dipio,Uganda
13172,Abbas Kaijuka,Uganda
13174,Darlyne Komukama,Uganda
13175,Muwanga Kivumbi,Uganda
13176,Jude T Lubega,Uganda
13179,Francis Ayume,Uganda
13180,Anthony Ochaya,Uganda
13182,Andrew Kakooza,Uganda
13183,Jacob Oboth-Oboth,Uganda
13184,Andrew Mukooza,Uganda
13185,Wakooli Godfrey Matembu,Uganda
13186,Andrew Kambugu,Uganda
13188,George Didi Bhoka,Uganda
13189,Cuthbert Joseph Obwangor,Uganda
13190,Ramathan Ggoobi,Uganda
13192,Olum Lornah Afoyomungu,Uganda
13193,Charles Onen,Uganda
13194,Stephen Sserubula,Uganda
13197,Rose Christine Adikini,Uganda
13198,Mwesigwa Rukutana,Uganda
13199,Geoffrey Mutiwa,Uganda
13200,Salaamu Musumba,Uganda
13204,John William Kibukamusoke,Uganda
13205,Josephine Ibaseret,Uganda
13206,Nkunyingi Muwada,Uganda
13208,Adam Mugume,Uganda
13212,Ash Amin,Uganda
13215,Khemis Mzaid,Uganda
13217,Ezra Suruma,Uganda
13218,Perez Ahabwe,Uganda
13219,"Emmanuel Amey Ojara, omusajja omulala",Uganda
13220,"Emmanuel Amey Ojara,",Uganda
13224,Sam Engola,Uganda
13225,Olivia Mary Nantongo,Uganda
13226,Derrick Ssenyonyi,Uganda
13227,Twaha Kagabo,Uganda
13228,Bruce Baraba Kabaasa,Uganda
13229,Gilbert Olanya,Uganda
13230,Peter James Nkambo Mugerwa,Uganda
13231,Les Ebdon,Uganda
13233,Cotilda Inapo,Uganda
13234,Israel Kibirige Ssebunya,Uganda
13236,Vincent Nyanzi,Uganda
13237,Theresa Musoke,Uganda
13238,Betty Manyolo,Uganda
13239,Barnaba Nawangwe,Uganda
13240,Barnabas Nawangwe,Uganda
13242,Lokwang Hillary,Uganda
13244,Laker Jolly Grace Andruvile Okot,Uganda
13246,Richard Todwong,Uganda
13247,Godfrey Kabbyanga,Uganda
13248,Susan Kabonero Muhwezi,Uganda
13249,Consolata Kabonesa,Uganda
13250,Micah Akasile Lolem,Uganda
13252,Christine Bukenya Ssendawula,Uganda
13254,Maggie Magode Ikuya,Uganda
13255,Ronald Reagan Okumu,Uganda
13256,Anthony Akol,Uganda
13257,Denis Nyangweso,Uganda
13258,Barnabas Tinkasimire,Uganda
13259,Karubanga Jacob,Uganda
13261,Moses Okot Jr,Uganda
13262,Janzi (musical instrument),Uganda
13265,Silas Aogon,Uganda
13269,Esther Kyozira,Uganda
13270,Joseph Ssekandi,Uganda
13271,John Bashaija Kazoora,Uganda
13276,Rose Clarke Nanyonga,Uganda
13278,Gerald Ssendawula,Uganda
13279,Gerald Ssendaula,Uganda
13280,Jacklyn Jolly Tukamushaba,Uganda
13281,"Frank Baffoe, omuwandiisi w’ebitabo",Uganda
13284,User:Sisterian/Basil Kiiza Bataringaya,Uganda
13285,Christopher Kibanzanga,Uganda
13286,Aronda Nyakairima,Uganda
13287,Sarah Bireete,Uganda
13288,Dani Wadada Nabudere,Uganda
13289,Joan Rwabyomere,Uganda
13290,Leader of Opposition,Uganda
13293,Charles Oboth Ofumbi,Uganda
13297,Yowabu Magada Kawaluuko,Uganda
13299,Kenneth Pablo Kimuli,Uganda
13300,Omara Atubo,Uganda
13301,Flavian Zeija,Uganda
13302,Aston Kajara,Uganda
13303,Fred Jalameso,Uganda
13304,Daudi Ochieng,Uganda
13305,Kevinah Taaka Wanaha Wandera,Uganda
13306,Adison Kakuru,Uganda
13310,James Simpson (Munnayuganda munnabyabufuzi),Uganda
13311,Jeremiah Lucas Opira,Uganda
13317,Saba Saba,Uganda
13318,Anna Nyamekye,Uganda
13320,"Lucy Newlyn, omuwandiisi w’ebitabo",Uganda
13324,Peter Byaruhanga,Uganda
13327,Suraj Prasad Singh,India
13329,Pius Ssebulime,Uganda
13331,James Bogere,Uganda
13334,Ivan Anguyo,Uganda
13486,Kigozi Andrew Samson,Uganda
13487,Emmanuel Anyama,Uganda
13566,Ashraf Mandela,Uganda
13568,Ritah Kivumbi,Uganda
13569,Ogama Baden Mujahid,Uganda
13571,Tenywa Bonseu,Uganda
13572,Hassan Mubiru,Uganda
13691,Ndugwa Abraham,Uganda
13692,Elvis Ngondwe,Uganda
13714,Colin Chapman (omukugu mu by'enkuma n'amazike) .,Uganda
13733,Abubaker Tabula,Uganda
13734,Hannington Kalyesubula,Uganda
13735,Dan Mubiru,Uganda
13736,Basil Kiiza Bataringaya,Uganda
13738,Brian Nkuubi,Uganda
13739,Emmanuel Kalyowa,Uganda
13740,Denis Kiggundu,Uganda
13755,Solome Nakaweesi Kimbugwe,Uganda
13756,Chukwuemeka Omujuda Diji,Uganda
13757,Chukwuemeka Jude Diji,Uganda
13758,Hannington Ssebwalunyo,Uganda
13762,Emmanuel Alex Wasswa,Uganda
13763,Ssozi Shaka,Uganda
13766,Gideon Odongo,Uganda
13767,Shafik Nana Kwikiriza,Uganda
13768,Mouammad Mpezamihigo,Uganda
13769,"James PM Ntozi, omubaka wa Uganda",Uganda
13770,James PM Ntozi,Uganda
13771,James P. M. Ntozi,Uganda
13772,Andrew Bashaija,Uganda
13773,Mable Amuron,Uganda
13775,Joseph Kizito (omuzannyi w'omupiira),Uganda
13778,Joel Sserunjogi,Uganda
13779,Ronald Otti,Uganda
13780,Mutwalibu Mugolofa,Uganda
13781,Alex Isabirye Musongola,Uganda
13782,Frank Ssebuufu,Uganda
13783,Nicholas Mwere,Uganda
13786,Sarah Reng Ochekpe,Uganda
13787,David Bagoole,Uganda
13788,Isa Mubiru,Uganda
13789,Umar Lutalo,Uganda
13791,Herbert Achayi,Uganda
13792,James Begisa,Uganda
13793,Lwanga Charles,Uganda
13794,Ivan Ahimbisibwe,Uganda
13795,Rogers Ochaki Torach,Uganda
13796,Rogers Torach,Uganda
13798,Yasmin Alibhai-Brown,India
13799,Abdul Karim Watambala,Uganda
13800,Reagan Mpande,Uganda
13801,Ibrahim Mugulusi,Uganda
13802,Prudence Nyamishana,Uganda
13803,Najib Yiga,Uganda
13804,Marvin Joseph Youngman,Uganda
13805,Julius Poloto,Uganda
13806,Tony Odur,Uganda
13812,Joshua Lubwama,Uganda
13813,Jack Komakech,Uganda
13814,Michael Kagiri,Uganda
13815,Ssekiganda Ronald,Uganda
13816,James Mubezi,Uganda
13817,Ashe Mukasa,Uganda
13820,Sula Matovu,Uganda
13824,Kasule Owen,Uganda
13827,Luwagga Kizito,Uganda
13829,Edward Semwanga,Uganda
13831,Allan Kyambadde,Uganda
13833,Martin Mpuga,Uganda
13834,Paul Mucureezi,Uganda
13835,Ronald Martin,Uganda
13838,David Owori,Uganda
13839,Walinda Yonasaani,Uganda
13840,Walinda Jonathan,Uganda
13841,Nafian Alionzi,Uganda
13842,Nayiga Patricia,Uganda
13843,Isma Mugulusi,Uganda
13844,Baker Mbowa,Uganda
13845,Chrispas Kusiima,Uganda
13846,Arafat Kiza Usama,Uganda
13847,Kenneth Semakula,Uganda
13848,Tom Ikara,Uganda
13849,Denis Iguma,Uganda
13850,"Alpha Thiery Ssali, omusajja omulala",Uganda
13851,Anitah Namata,Uganda
13852,Pius Obuya,Uganda
13853,Chris Akena,Uganda
13854,Bobosi Byaruhanga,Uganda
13855,Kushaba Moses Mworeko,Uganda
13856,Julius Kaggwa,Uganda
13857,Aaron Kirunda,Uganda
13858,Titus Ssematimba,Uganda
13860,Elizabeth Lwanga,Uganda
13862,Godfrey Mugisha,Uganda
13863,Isaac Isinde,Uganda
13864,Val Kalende,Uganda
13865,Arnold Odong,Uganda
13866,Jay Mulucha,Uganda
13867,Nyombi Morris,Uganda
13870,Nashiba Nakabira,Uganda
13871,Annet Kirabo,Uganda
13872,Sadat Anaku,Uganda
13873,"Melvyn Lorenzen, Musambi wa mupiira",Uganda
13875,"Mustafa Kizza, Musambi wa Mupiira",Uganda
13878,Dan Sserunkuma,Uganda
13879,Jude Ssemugabi,Uganda
13880,Clement Kiggundu,Uganda
13881,Peace Oliver Amuge,Uganda
13883,Sam Bitangaro,Uganda
13884,Filbert Obenchan,Uganda
13885,Sarah Kizito,Uganda
13887,Benedicta Nanyonga,Uganda
13888,Rebecca Alitwala Mubezi,Uganda
13889,Perry Aritua,Uganda
13890,"Joseph Konde-Lule, omuwandiisi w’ebitabo",Uganda
13891,Kaddu Sebunya,Uganda
13892,Crispin Kaheru,Uganda
13893,Ignatius K. Musaazi,Uganda
13894,Sarah Mukasa,Uganda
13895,Owiny Hakim,Uganda
13897,Tom Okurut,Uganda
13898,Geoffrey Wasswa,Uganda
13899,Abubakar Kasule,Uganda
13900,Solomon Walusimbi,Uganda
13901,Ebyafaayo bya Buganda,Uganda
13902,John Abdallah Wambere,Uganda
13904,Isaac Mulyanga,Uganda
13905,Halid Lwaliwa,Uganda
13938,Akiki Nyabongo,Uganda
13939,Dorrys Mutahunga,Uganda
13942,Richard Lusimbo,Uganda
13943,Achilla Orru,Uganda
13944,Opolot-Okwalinga Simon Peter,Uganda
13945,Denis Omedi,Uganda
13952,Enock Walusimbi,Uganda
13953,Iddi Batambuze,Uganda
13954,Derrick Kakooza,Uganda
13955,Charles Ayiekoh Lukula,Uganda
13957,Bob Astles,India; Uganda
13959,Rogers Mato,Uganda
13960,Frank Gashumba,Uganda
13963,Akalulu ka Uganda aka 2011,Uganda
13988,Erisa Ssekisambu,Uganda
14005,Robert Serumaga,Uganda
14006,Edrisa Lubega,Uganda
14010,Musa Mudde,Uganda
14014,Yusuf Mukisa,Uganda
14037,Ibrahim Juma (omuzannyi w'omupiira),Uganda
14056,Katende Joram,Uganda
14057,"Francis Olaki, omuwandiisi w’ebitabo",Uganda
14059,Uganda National Liberation Front,Uganda
14065,Philip Mitchell (omuddukanya w'emirimu gy’amatwale) .,India
14083,Francis Olaki,Uganda
14141,Kizito Keziron,Uganda
14142,Mike Mutyaba,Uganda
14143,Daniel Isiagi Opolot,Uganda
14144,Grace Kiirya Wanzala,Uganda
14145,Eunice Namatende,Uganda
14151,Aziz Kayondo,Uganda
14157,Ibrahim Orit,Uganda
14158,Alexis Bbakka,Uganda
14166,Taddeo Lwanga,Uganda
14168,Peter Maru,Uganda
14170,Patrick Ochan (omuzannyi w'omupiira),Uganda
14174,Allan Okello,Uganda
14178,John Bosco Koy Kariisa,Uganda
14187,Nabisunsa Girls Secondary school,Uganda
14190,Henry Kalungi,Uganda
14193,Emmanuel Bwayo Wakhweya,Uganda
14194,Isaac Maliyamungu,Uganda
14231,Steven Sserwadda Musambi wa Mupiira,Uganda
14236,Moses Opondo,Uganda
14249,Edward Kizza,Uganda
14250,Akatyabaga k'e Mengo,Uganda
14251,Aisha Naluzze Batala,Uganda
14252,Mike Mutebi,Uganda
14253,Sam Mayanja,Uganda
14256,Obwegugungo bwa Uganda obwa 2026,Uganda
14329,Category:Abazannyi ba firimu abakazi Bannayuganda,Uganda
14331,Category:Bannayuganda abaweereza ku Ttivvi,Uganda
14334,Category:Bannayuganda abakyala abaweereza ku Ttivvi,Uganda
14336,Category:Abazannyi b'omupiira gw'okubaka abakyala Bannayuganda,Uganda
14337,Category:Abazannyi b'omupiira gw'okubaka Bannayuganda,Uganda
14338,Category:Abazannyi b'omupiira gw'okubaka ogw'abakyala Bannayuganda,Uganda
14371,Uche Ikpeazu,Uganda
14372,Category:Abayimbi abakyala Bannayuganda,Uganda
14373,Category:Bannayuganda abayimbi abakyala,Uganda
14380,Category:Abawandiisi b'ennyimba abakyala Bannayuganda,Uganda
14394,Category:Abayimbi ba Uganda abakyala,Uganda
14396,Category:Abawandiisi b'ennyimba mu Uganda,Uganda
14412,Moses Aliwa,Uganda
14415,Zakaria Kiprotich,Uganda
14416,Dolphine Chelimo,Uganda
14419,Samuel Simba Cherop,Uganda
14420,Jesse Ssengonzi,Uganda
14428,Category:Bannayuganda abalwanirizi b'eddembe,Uganda
14429,Category:Bannayuganda abasiraamu,Uganda
14432,Category:Bannayuganda abakyala abakubi b'ebikonde,Uganda
14433,Category:Bannayuganda abakyala bannabyamizannyo,Uganda
14434,Category:Bannabyabufuzi Abanayuganda,Uganda
14441,Category:Bannayuganda abawandiisi b'ekyasa ky'abiri mu ekimu,Uganda
14443,Category:Bannabyabufuzi abakyala Bannayuganda mu kyasa eky'amakumi abiri mwekimu,Uganda
14450,Category:Omupiira gw'abakyala Bannayuganda,Uganda
14451,User:24RAY,Uganda
14460,Category:Abasambi b'omupiira gw'ebigere abasajja Bannayuganda,Uganda
14464,Category:Bannayuganda Abasiramu,Uganda
14470,Collin Mutyaba,Uganda
14472,Khalifah Aganaga,Uganda
14473,John Sserunjogi,Uganda
14474,Category:Bannayuganda abayimbi abasajja,Uganda
14475,Category:Bannayuganda abayimbi,Uganda
14489,Category:Bannayuganda abalamuzi ab'ekyasa ky'abiri mw'ekimu,Uganda
14491,John Goville,Uganda
14492,Moses Kyeswa,Uganda
14493,Ronald Serugo,Uganda
14496,Mike Okot,Uganda
14498,Category:Bannabyabufuzi abakyala nannaYuganda mukyasa eky'amakumi abiri mwekimu,Uganda
14500,Category:Abakyala abayimbi Bannayuganda,Uganda
14520,Roy Mubiru,Uganda
14524,Sadat Tebazaalwa,Uganda
14530,Alex Malinga,Uganda
14540,Category:Bannayuganda abasajja abasambira wabweru we Ggwanga,Uganda
14545,Category:Bannayuganda abasuubuzi,Uganda
14547,Category:Bannayuganda abakazi Bannabyabufuzi ab'Ekyasa Kyabiri mwekimu,Uganda
14549,Virgil Okiring,Uganda
14550,Jorem Ochana,Uganda
14551,Vitus Ashaba,Uganda
14552,Moses Musonge,Uganda
14553,Pius Olowo,Uganda
14558,Category:Bannayuganda abaakolerako e Kenya,Uganda
14560,Category:Bannayuganda abakyala abakulira bizinensi,Uganda
14561,Category:Bannayuganda bakyala abakulira bizinensi,Uganda
14568,Category:Bannayuganda abaasengukira mu ggwanga lya Canada,Uganda
14571,Category:Bannayuganda abavunnuzi,Uganda
14586,Category:Bannayuganda abakyala abasamba omupiira,Uganda
14590,Category:Bannayuganda abawandiisi,Uganda
14605,Category:Bannayuganda Bannamisono,Uganda
14606,Category:Bannayuganda abatandisi b'emirimu ab'ekyasa ky'abiri mwekimu,Uganda
14607,Category:Bannayuganda abatanidisi b'emirimu ab'ekyasa ky'abiri mwekimu,Uganda
14613,John Sentongo,Uganda
14614,Franco Agentho,Uganda
14615,Abraham Munabi,Uganda
14617,Omukisa Sseruwagi,Uganda
14618,Alex Odhiambo,Uganda
14619,Ernest Mabwa,Uganda
14620,Peter Paul Odhiambo,Uganda
14621,Henry Mugwanya,Uganda
14622,Douglas Ogada,Uganda
14623,Andrew Kajjo,Uganda
14624,David Jackson (Munnayuganda omukubi w’ebikonde),Uganda
14625,James Odwori,Uganda
14626,Matthias Ouma,Uganda
14627,Eridadi Mukwanga,Uganda
14629,Category:Bannayuganda bannakatemba abayimirira bokka ku sitegi ne basesa abantu,Uganda
14630,Category:Bannayuganda abakazi abazannyi ba katemba,Uganda
14631,Category:Bannayuganda abakazi abazannyi ba firimu,Uganda
14667,Category:Bannayuganda abaawangangusibwa,Uganda
14668,Category:Bannayuganda abaali basibiddwako ebweru w'eggwanga,Uganda
14673,Category:Bannayuganda abasawo,Uganda
14676,Category:Bannayuganda abakazi bannassaayansi ab'Ekyasa ky'abiri mwekimu,Uganda
14677,Category:Bannayuganda Bannassaayanzi ab'Ekyasa kyabirimwekimu,Uganda
14678,Category:Bannayuganda abasuubuzi ab'Ekyasa kyabirimwekimu,Uganda
14680,Category:Bannayuganda abakazi abakulira bizinensi,Uganda
14681,Category:Bannayuganda abakazi abasomesa,Uganda
14682,Category:Bannayuganda abalwanirizi,Uganda
14686,Category:Bannayuganda bannabyabufuzi ab'Ekyasa kyabirimwekimu,Uganda
14693,Category:Bannayuganda bannabyanjigiriza,Uganda
14695,Category:Bannayuganda bannabyanjigiriza ab'ekyasa ky'abiri mwekimu,Uganda
14698,Category:Bannayuganda abayimba enyimba ezitendereza Katonda,Uganda
14705,Category:Bannayuganda abasomesa,Uganda
14732,Category:Bannayuganda abaweebwa ekisonyiwo kya Pulezidenti,Uganda
14738,Category:Bannayuganda abasuubuzi ab'Ekyasa ky'Abirimwekimu,Uganda
14740,Category:Bannayuganda bannaby'anjigiriza,Uganda
14747,Category:Bannayuganda abaweereza ku laadiyo,Uganda
14762,William Kamanyi,Uganda
14765,Category:Bannayuganda bannamateeka,Uganda
14766,Category:Bannayuganda bannamawulire abakyala,Uganda
14782,Category:Bannayuganda abattibwa,Uganda
14783,Category:Abakatoliki Bannayuganda abatukuvu,Uganda
14802,Category:Bannabyamizannyo nga bannayuganda abali mu ggwanga lya Mauritius,Uganda
14810,George Kabuto,Uganda
14813,John Siryakibbe,Uganda
14814,Deogratias Musoke,Uganda
14815,"Peter Odhiambo (omukubi w’ebikonde, yazaalibwa 1950)",Uganda
14816,John Opio,Uganda
14817,"Geofrey Nyeko, omusajja omulala",Uganda
14818,Geofrey Nyeko,Uganda
14824,"Peter Odhiambo (omukubi w’ebikonde, yazaalibwa 1958)",Uganda
14831,Peter Okumu,Uganda
14832,Category:Bannayuganda bannabyabufuzi,Uganda
14833,Category:Bannayuganda ba yinginiya ab'ekyasa ky'abirimwekimu,Uganda
14835,Vicky Byarugaba,Uganda
14841,Patrick Lihanda,Uganda
14843,Dodovic Owiny,Uganda
14850,Godfrey Wakaabu,Uganda
14851,Kassim Napa Adam,Uganda
14852,Benson Masanda,Uganda
14854,Charlie Lubega,Uganda
14857,Dismas Yeko,Uganda
14863,Leo Adraa,Uganda
14865,Abu Salim Mayanja,Uganda
14866,Salim Abu Mayanja,Uganda
14873,Joel Ayeko,Uganda
14888,Category:Bannabyamizannyo nga bannayuganda abali e Vietnam,Uganda
14894,Ali Ngaimoko,Uganda
14899,Category:Bannayuganda abalwaniririzi b'eddembe,Uganda
14900,Category:Bannayuganda abakungu mu kibiina ky'Amawanga Amagatte,Uganda
14908,Category:Bannayuganda ba yinginiya ab'ekyasa kyabirimwekimu,Uganda
14910,Category:Bannayuganda abakyala abakola firimu,Uganda
14915,Category:Bannayuganda abasawo abanoonyereza,Uganda
14927,Category:Bannayuganda abakyala nga bannabyabufuzi mu kyaasa ky'amakkumi abiri mu ekimu,Uganda
14929,Harbert Kibet,Uganda
14936,User:Sisterian,Uganda
14937,User:Charles Kalanzi,Uganda
14944,Category:Bannayuganda abakulira ebitongole,Uganda
14953,Lokii John Baptist,Uganda
14960,Category:Bannabyamizannyo ba Uganda,Uganda
14965,User:Kisakye Jane,Uganda
14977,Frank Kisekka,Uganda
14978,Joel Otim,Uganda
14979,Silver Ayoo,Uganda
14980,Timothy Toroitich,Uganda
14981,Musa Kurong,Uganda
14982,Moses Kurong,Uganda
14983,Brandon Sebirumbi,Uganda
14985,Category:Bannabyabufuzi Bannayuganda,Uganda
14986,Category:Bannayuganda bannabyabufuzi mu kyaasa eky'abiri mu ekimu,Uganda
14990,Category:Bannayuganda abakyaala nga ba Chief Executive,Uganda
14992,Category:Bannayuganda nga ba Chief Executive,Uganda
15001,Category:Bannayuganda bannamawulire abakozi ba leediyo,Uganda
15002,Category:Bannayuganda bannamawulire abakozi ku ttivi,Uganda
15007,Roger Mukasa,Uganda
15026,Category:Bannayuganda bannabyamizannyo abaagenda okukolera e South Africa,Uganda
15027,Category:Bannayuganda bannabyamizannyo abagenda okukolera mu Greece,Uganda
15028,Fred Nkata,Uganda
15031,Category:Bannayuganda abakugu mu by'ensimbi,Uganda
15039,Category:Bannayuganda abakyala aboolesa emisono,Uganda
15040,Category:Bannayuganda abaasengukira mu Amerika,Uganda
15042,Category:Abannayuganda abasajja abasambira omupiir5a ku mutendera gw'ensi yonna,Uganda
15050,Godfrey Serunkuma Lule,Uganda
15051,David Ssemujju,Uganda
15052,State Research Bureau (organisation),Uganda
15059,Category:Bannayuganda abawandiisi b'ennyimba,Uganda
15060,Category:Bannayuganda abakyala Abayimbi,Uganda
15063,Isaac Madoi,Uganda
15071,Category:Bannayuganda abaali abalamuzi,Uganda
15092,Category:Bannayuganda abakyala abazannya badminton,Uganda
15093,Category:Bannayuganda abazannyi ba badminton abeetaba mu mpaka za 2018 Commonwealth Games,Uganda
15094,Category:Bannayuganda abeetaba mu mpaka za Commonwealth Games,Uganda
15097,Category:Bannayuganda bannabyamizannyo abasibuka mu makkati ga Uganda,Uganda
15111,Category:Bannabyamizannyo nga bannayuganda ab'ekyasa ekya 21,Uganda
15114,Category:Abazaalwa mu 1963,Uganda
15115,Category:Abantu abasibuka mu Disitulikiti y'e Kaberamaido,Uganda
15122,Category:Bannayuganda,Uganda
15130,Jonathan Komagum,Uganda
15131,Wasswa Amir Ssali,Uganda
15132,Abdallah Kibet Mande,Uganda
15166,Category:Bannayuganda abakozi ba ffirimu,Uganda
15169,Category:Bannayuganda ab'ekyasa kya 21,Uganda
15173,Category:Bannayuganda abasajja abasambi b'omupiira gw'eggwanga,Uganda
15183,Category:Bannayuganda abasajja abazannyi b'omupiira,Uganda
15184,Category:Bannayuganda abazannyira ku ttiimu y'eggwanga,Uganda
15185,Category:Bannayuganda abasuubuzi abasajja,Uganda
15204,Category:Bannayuganda abakozi mu bbanka,Uganda
15207,Category:Bannayuganda abayimbi abakyala ab'ekyala kya 21,Uganda
15209,Patrick Etolu,Uganda
15210,Phillip Kiplimo,Uganda
15213,Wilson Busienei,Uganda
15222,"George Oywello, omuwandiisi w’ebitabo",Uganda
15224,Mohammed Kayongo,Uganda
15246,Category:Bannayuganda bannabyamizannyo abasibuka mu buvanjuba bwa Uganda,Uganda
15297,Category:Bannayuganda abazaalisa,Uganda
15298,Category:Bannayuganda abalwanirizi b'eddembe ly'obuntu,Uganda
15301,Category:Bannayuganda abazanyi ba firimu abasajja,Uganda
15322,Category:Bannayuganda ababundabunda,Uganda
15323,Category:Bannayuganda abasibuka mu Goan,Uganda
15335,Category:Bannayuganda abattiddwa,Uganda
15341,Category:Bannayuganda abalwanirira eddembe ly'obuntu,Uganda
15349,Category:Abayimbi abasajja Bannayuganda,Uganda
15350,Category:Abayimbi Bannayuganda,Uganda
15372,David Kabanda,Uganda
15380,Category:Bannayuganda abakazi bannabyabufuzi ab'ekyasa kyabiri mwekimu,Uganda
15384,Category:Bannayuganda Abakazi bannabyabufuzi ab'ekyasa kyabirimwekimu,Uganda
15385,Category:Bannayuganda abakazi abawandiisi eb'ekyasa kyabirimwekimu,Uganda
15386,Category:Bannayuganda abalwanirizi b'eddembe ly'abakyala,Uganda
15434,Category:Bannayuganda Akakulisitaayo,Uganda
15436,Category:Bannayuganda abakyala abayivu abasibuka mu Disitulikiti y'e Moyo,Uganda
15439,Category:Bannayuganda bannasayansi ab'ekyasa kyabiri mwekimu,Uganda
15446,Nyanzi Martin Luther,Uganda
15448,Kaka Lubega Ismail Uthuman,Uganda
15449,Charles Olaro,Uganda
15452,Category:Bannayuganda abasibuka mu Buyindi,Uganda
15456,Patrick Bernard Ogwel,Uganda
15458,Category:Bannayuganda abazannyi b'omupiira abami,Uganda
15459,Herbert Edmund Ariko,Uganda
15472,Da Agent,Uganda
15503,Joanita Zachariassen,Uganda
15508,Category:Bannayuganda abavuzi b'ennyonyi,Uganda
15518,Tina Wamala,Uganda
15527,User:Nakanwagi Justine,Uganda
15534,Acan Joyce Okeny,Uganda
15535,Mercy Faith Lakisa,Uganda
15536,Patrick Ogwang Obura,Uganda
15537,Robert Ssewagudde,Uganda
15538,Category:Bannayuganda abaliko obulemu,Uganda
15551,Benjamin Kumumanya,Uganda
15552,Category:Bannayuganda abakozi ba gavumenti,Uganda
15553,Samuel Mwandha,Uganda
15554,Geofrey Arinaitwe,Uganda
15555,Sudi Nangoli,Uganda
15557,Andrew G. Naimanye,Uganda
15560,Category:Abakyala Bannayuganda abaweereza ku ttivi,Uganda
15561,James Okello,Uganda
15563,Obote Clement Kenneth,Uganda
15569,David Kasura Kyomukama,Uganda
15593,Okaasai Sidronius Opolot,Uganda
15594,William Omaria Lo Arapai,Uganda
15605,Oscar Chelimo,Uganda
15619,William Banage,Uganda
15621,Joshua Karamagi,Uganda
15623,Category:Bannayuganda ababalirizi b'ebitabo,Uganda
15625,Echodu David Calvin,Uganda
15635,Peter Onzia Chandia,Uganda
15636,David Nahamya,Uganda
15638,Category:Bannayuganda abasawo abakugu,Uganda
15641,Benson Turamye,Uganda
15650,Joseph Gonzaga Ssewungu,Uganda
15652,Julius Victor Nkeramihigo,Uganda
15653,Robert Mukiza,Uganda
15666,Rukidi IV owa Tooro,Uganda
15667,John Bosco Tumusiime Bamuturaki,Uganda
15668,Aziz Kalungi Kasujja,Uganda
15671,Julius Mutekanga,Uganda
15673,Stephen Besweri Akabway,Uganda
15676,Akbar Adoko Nekyon,Uganda
15680,Barirega Akankwasah,Uganda
15681,Category:Bannayuganda abakuumi b'obutonde bwensi,Uganda
15682,James Nkamwesiga Kasigwa,Uganda
15684,Dan Kibet,Uganda
15685,John Wycliffe Lwamafa,Uganda
15686,Daniel Nokrach Odongo,Uganda
