id,redirect
,
1,Olupapula Olusooka
1551,
1552,
1553,
1758,
1765,Olupapula Olusooka
1823,
1830,Isilandi
1831,Isilandi
1832,Isilandi
1833,Isilandi
1836,
1837,Denimaaka
1838,Swiiden
1839,Girimane
1840,Girimane
1841,Denimaaka
1842,Swiiden
1908,
1910,
1922,
1943,
1952,
2198,
2203,
2229,
2242,
2245,
2246,
2264,
2266,
2270,
2272,
2273,
2274,
2275,
2276,
2277,
2280,
2297,
2321,Isilandi
2322,Swiiden
2324,Girimane
2327,Denimaaka
2330,Finilandi
2333,
2335,Girimane
2341,
2342,Swiiden
2343,
2348,
2349,
2359,Wikipedia:Community Portal
2361,
2446,Wikipedia:Community Portal
2448,Wikipedia:Community Portal
2492,
2495,
2496,
2497,
2498,
2517,
2519,
2544,
2548,
2559,
2583,
2636,
2637,Ntaulira
2638,
2639,Mbwa
2643,
2644,Enkima
2645,Enkima
2646,
2647,Kikajjo
2649,
2650,Caayi
2651,
2652,
2653,Mbogo
2654,Ntulege
2657,
2752,Olupapula Olusooka
2778,
2782,
2783,
2784,
2785,
2786,
2787,
2788,
2789,
2790,
2791,
2792,
2793,
2794,
2795,
2796,
2797,
2798,
2799,
2800,
2801,
2802,
2803,
2804,21 (ennamba)
2805,
2806,22 (ennamba)
2807,
2808,
2809,
2810,
2811,
2812,
2813,
2814,
2815,Buturuki
2816,
2817,
2818,
2819,
2820,
2821,
2822,
2823,
2824,
2825,
2826,
2827,
2828,
2829,
2830,
2831,
2832,
2833,
2834,
2835,
2836,
2837,
2838,23 (ennamba)
2850,20 (ennamba)
2851,30 (ennamba)
2852,40 (ennamba)
2853,50 (ennamba)
2854,60 (ennamba)
2855,70 (ennamba)
2856,80 (ennamba)
2857,90 (ennamba)
2858,
2859,12 (ennamba)
2860,13 (ennamba)
2861,14 (ennamba)
2862,15 (ennamba)
2863,16 (ennamba)
2864,17 (ennamba)
2865,18 (ennamba)
2866,21 (ennamba)
2867,19 (ennamba)
2868,22 (ennamba)
2870,200 (ennamba)
2871,300 (ennamba)
2872,400 (ennamba)
2873,500 (ennamba)
2874,600 (ennamba)
2875,700 (ennamba)
2876,800 (ennamba)
2877,900 (ennamba)
2887,"10,000"
2888,"20,000"
2889,"1,000,000"
2890,
2891,24 (ennamba)
2892,
2893,25 (ennamba)
2894,26 (ennamba)
2895,
2896,
2897,27 (ennamba)
2898,
2899,28 (ennamba)
2900,
2901,29 (ennamba)
2902,
2903,31 (ennamba)
2904,
2905,32 (ennamba)
2906,
2907,33 (ennamba)
2908,
2909,34 (ennamba)
2910,
2911,35 (ennamba)
2912,
2913,36 (ennamba)
2914,
2915,37 (ennamba)
2916,
2917,38 (ennamba)
2918,
2919,39 (ennamba)
2920,
2921,41 (ennamba)
2922,
2923,42 (ennamba)
2924,
2925,43 (ennamba)
2926,
2927,
2928,
2929,45 (ennamba)
2930,
2931,46 (ennamba)
2932,
2933,47 (ennamba)
2945,
2959,
2969,
2997,
3020,
3021,
3031,
3032,
3033,
3051,Kurów
3057,
3058,
3059,
3070,Wikipedia:Transwiki log
3071,
3075,
3103,
3105,
3106,
3110,
3122,
3124,
3125,My Inner Beast
3126,
3127,
3128,My Inner Beast
3129,
3130,The Color Orange (Langi Ya Kakyungwa)
3131,
3135,In the name of God (Mulinnya lya Katonda)
3136,
3137,
3138,
3139,My Inner Beast
3140,
3147,Jens Galschiøt
3154,
3160,"Banovci, Nijemci"
3170,
3189,
3232,
3233,
3244,
3247,
3248,
3250,
3251,
3260,My Inner Beast
3263,
3271,In the name of God (Mulinnya lya Katonda)
3272,The Color Orange (Langi Ya Kakyungwa)
3273,Pillar of shame (Empagi yo Buswavu)
3274,Fundamentalism (Okwesukulumya)
3275,Survival of the Fattest (okunyigiriza Kwa Nagwano)
3276,SevenMeters (Mitta Musanvu)
3377,
3400,
3402,Wikipedia:Administrators
3414,Swiiden
3457,
3462,
3495,
3510,
3511,
3514,
3515,
3516,
3537,
3547,
3548,
3561,
3562,
3563,
3566,
3568,
3575,Siriimu
3582,
3584,
3585,
3586,
3587,
3588,
3589,Vakisini ya Siriimu
3591,
3592,Vitamiini
3594,
3600,
3601,
3602,
3608,
3611,
3613,
3616,
3619,
3624,
3628,Ennkulakulanna eya nnamaddala
3629,
3630,
3631,
3632,
3633,
3634,
3637,
3639,
3640,
3641,
3648,
3649,
3651,
3652,
3653,
3654,
3655,
3657,
3659,
3661,
3662,
3663,
3670,
3671,
3672,
3673,
3674,
3675,
3677,
3678,
3679,
3680,
3681,
3682,
3683,
3684,
3685,
3686,
3687,
3688,
3689,
3690,
3691,
3693,
3694,
3695,
3696,
3703,
3704,
3705,
3706,
3707,
3708,
3709,
3710,Ebbombo nga Eddagala
3712,
3713,
3714,
3715,
3716,
3729,
3730,
3733,
3735,
3737,
3738,
3739,
3740,
3741,
3742,
3744,
3745,
3746,
3764,
3769,
3770,
3774,
3777,
3778,
3779,Okulima kasooli
3780,
3784,
3787,
3793,
3797,Amalagala
3801,Noowe
3805,Hosjö
3807,
3808,
3810,
3813,
3815,
3819,
3821,
3824,
3825,
3826,
3830,
3832,
3835,
3836,
3841,
3844,
3846,
3848,
3851,
3852,
3862,
3863,
3865,
3867,
3870,
3871,
3872,
3877,
3882,
3886,
3888,
3890,
3894,
3897,
3903,
3906,
3907,
3908,
3923,
3924,
3925,
3927,
3928,
3935,
3937,
3938,
3943,
3954,
3956,
3959,
3961,
3963,
3964,
3966,
3967,
3968,
3969,
3970,
3973,Ekitooke
3974,
3975,
3976,
3977,
3978,
3979,
3980,
3988,
3989,
3990,
3991,
3992,
3993,
4036,Ekibalangulo
4039,
4042,
4043,Boda-boda
4044,
4045,
4046,
4047,
4048,
4049,
4051,
4052,
4054,
4056,
4057,
4058,
4059,
4061,
4062,
4063,
4064,
4065,
4067,
4068,
4069,
4070,
4072,
4073,
4074,
4075,
4076,
4077,
4078,
4080,
4081,
4082,
4083,
4084,
4085,
4086,
4087,
4095,
4099,
4104,
4106,
4107,Okulamusa
4108,Ebyonoona akatale k'omulimi
4111,
4112,
4113,
4115,
4116,
4119,Banka
4125,
4126,
4127,
4128,
4133,
4134,
4135,
4136,
4137,
4138,
4139,
4140,
4141,
4142,
4143,
4144,
4145,
4146,
4147,
4157,
4164,
4165,
4166,
4167,
4168,
4169,
4170,Ekitooke
4171,Ebbanyi
4172,Kakooto
4173,Ekitooke
4175,
4176,
4178,
4179,
4180,
4181,
4182,
4183,
4184,
4186,
4187,
4188,
4189,
4190,
4191,
4192,
4193,
4194,
4195,
4196,
4197,
4199,
4200,
4201,Emmanvu
4202,
4203,
4204,
4205,
4206,
4207,
4208,
4209,
4210,
4211,
4212,
4213,
4214,
4215,
4216,
4217,
4220,
4221,
4222,
4223,
4224,
4225,
4227,
4228,
4229,
4230,
4231,
4232,
4233,
4234,
4235,
4236,
4237,
4238,
4239,
4240,
4241,
4242,
4243,
4244,
4245,
4246,
4247,
4248,
4249,
4250,
4251,
4252,
4253,
4254,
4255,
4256,
4257,
4258,
4259,
4260,
4261,
4262,
4263,
4264,
4265,
4266,
4267,
4268,
4269,
4270,
4271,
4273,
4274,
4275,
4276,
4277,
4278,
4279,
4280,
4281,
4282,
4283,
4284,
4285,
4286,
4287,
4288,
4289,
4290,
4291,
4292,
4293,
4294,
4295,
4296,
4297,
4298,
4299,
4300,
4301,
4302,
4304,
4305,
4306,
4307,
4308,
4309,
4310,
4311,
4312,
4313,
4314,
4315,
4316,
4317,
4318,
4319,
4321,
4322,
4323,
4324,
4325,
4326,
4327,
4328,
4329,
4330,
4331,
4332,
4333,
4334,
4335,
4336,
4337,
4338,
4339,
4340,
4341,
4342,
4343,
4344,
4345,
4346,
4347,
4348,
4349,
4350,
4351,
4352,
4353,
4373,
4374,
4375,
4376,
4377,Ekizimba
4378,
4379,
4380,
4381,
4382,Nnamusuna
4383,
4384,
4385,
4386,
4387,
4388,
4389,
4390,
4391,
4392,
4398,
4401,
4403,
4406,
4407,
4409,
4410,
4413,
4414,
4416,
4417,
4418,
4419,
4420,Ensilifu
4421,Ebyawuzi
4422,Omumbejja
4423,Ekika ky'embogo
4424,Sekamu
4426,Eppaapaali
4428,Mwambala zitonya
4429,Ekigaji ddagala
4430,Omusaayi okuggwa mu mubiri
4431,Nabulagala
4432,Namakaka
4433,Mpujjo
4434,Nnamaaso
4435,Essununa
4436,Ssoolabessaazaala
4437,Olusozi
4438,Ssebuko bunaafa
4439,
4440,
4441,
4442,
4443,
4444,
4445,
4446,
4447,
4448,
4449,
4451,
4452,
4453,
4454,
4455,
4456,
4457,
4458,
4459,
4460,
4462,
4463,
4465,
4474,
4476,
4479,
4481,
4482,
4494,
4501,
4502,
4504,
4508,
4510,
4511,
4515,
4516,
4517,
4518,
4519,
4520,
4521,
4522,
4523,
4524,
4525,
4526,
4527,
4528,
4529,
4530,
4531,
4532,
4533,
4534,
4535,
4536,
4537,
4538,
4539,
4540,
4541,
4542,
4543,
4544,
4545,Disitulikiti ya Busia
4546,
4547,
4548,
4549,
4550,
4551,
4552,
4553,
4554,
4555,
4556,
4557,
4558,
4559,
4560,
4561,
4562,
4563,
4564,
4565,
4566,
4567,
4568,
4569,
4571,
4572,
4573,
4574,
4575,
4576,
4577,
4578,
4579,
4580,
4581,
4582,
4583,
4584,
4585,
4586,
4587,
4588,
4589,
4590,
4591,
4592,
4593,
4594,
4595,
4596,
4597,
4598,
4599,
4600,
4601,Buhweju (disitulikit)
4602,
4603,
4604,
4605,
4606,
4607,
4608,
4609,
4610,
4611,
4612,
4613,
4614,
4615,
4616,
4617,
4618,
4619,
4620,
4621,
4622,
4623,
4624,
4625,
4626,
4627,
4638,
4639,
4772,
4774,
5124,
5129,
5130,
5134,
5135,Abayita Ababiri
5136,
5137,
5138,
5139,
5140,
5141,
5142,
5149,
5150,
5151,
5152,
5153,
5154,
5155,
5156,
5157,
5158,
5159,
5160,Alebtong
5161,
5162,Bamunanika
5163,
5164,
5165,Bbaale
5166,
5167,
5168,
5169,
5170,
5171,
5172,
5173,
5174,Buddo
5175,
5176,
5177,
5178,
5179,
5180,
5181,
5182,
5183,
5184,
5185,
5186,
5187,
5188,Bukakkata
5189,Buikwe
5190,Bukwa (disitulikit)
5191,
5192,
5193,
5194,
5195,
5416,
5419,
5430,
5433,Yoweri Museveni
5434,Yoweri Museveni
5438,
5439,
5440,Busembatya
5441,
5442,
5443,
5444,
5445,
5446,
5447,
5448,
5449,
5450,Butyaba
5451,
5452,
5453,
5454,
5455,
5456,
5457,
5458,
5459,
5462,"Banovci, Nijemci"
5463,
5464,
5466,
5467,Galilaya
5468,
5469,
5470,
5471,
5472,
5473,
5475,Amerika
5476,Amerika
5477,
5478,
5479,
5482,
5483,
5484,
5485,
5486,
5487,
5488,
5489,
5491,
5492,
5495,
5496,
5497,
5498,
5499,
5500,
5501,
5502,
5503,
5504,
5505,
5506,
5507,
5508,
5509,
5510,
5511,
5512,
5513,
5514,
5515,
5516,
5517,
5518,
5519,
5521,
5523,Afirika
5526,
5527,
5528,
5529,
5531,
5532,
5533,
5534,
5535,
5536,
5537,
5538,
5539,
5540,
5541,
5542,
5543,
5544,
5545,
5546,
5547,
5548,
5549,
5550,
5551,
5552,
5553,
5554,
5555,
5556,
5557,
5558,
5559,Kalagi
5560,
5561,
5562,
5563,
5564,
5565,
5566,
5567,
5568,Kampala Industrial and Business Park
5569,
5570,
5571,
5572,Kamdini
5573,
5574,
5575,
5576,
5577,
5578,
5579,
5580,Ssabagabo
5581,Ssabagabo
5582,
5583,
5584,
5585,
5586,
5587,Wakiso Town
5588,
5589,Wakyaato
5590,
5591,
5592,
5593,
5594,
5595,
5596,
5597,
5598,
5599,
5600,
5601,
5602,
5603,
5604,Ssemuto
5605,
5606,
5607,
5608,
5609,
5610,
5611,
5612,Sanga
5613,
5614,Seeta
5615,
5616,
5618,
5619,
5620,Buloba
5621,
5622,
5623,
5624,
5625,
5626,
5627,
5628,Rubirizi
5629,
5630,
5631,
5632,
5633,
5634,
5635,
5636,
5637,
5638,
5639,
5640,
5641,
5642,
5643,
5644,
5645,
5646,Bobi Wine
5647,
5648,
5649,
5650,Bukeerere
5651,
5652,
5653,
5654,
5655,
5656,
5657,
5658,
5659,
5660,
5661,
5662,
5663,
5664,
5665,
5666,
5667,
5668,
5669,
5670,
5671,
5672,
5673,
5674,
5675,
5676,
5677,
5678,
5679,
5680,
5681,
5682,
5683,
5684,
5685,
5686,
5687,
5688,
5689,
5690,
5691,
5692,
5693,
5694,
5695,
5696,
5697,
5698,
5699,
5700,
5701,
5702,Sudaani
5703,
5704,Republic of Congo
5705,Democratic Republic of Congo
5706,
5707,
5708,
5709,
5710,
5711,
5712,
5713,
5714,
5715,
5716,
5717,
5718,
5719,
5720,
5721,
5722,
5723,
5724,
5725,
5726,
5727,
5728,
5729,
5730,
5731,
5732,
5733,
5734,
5735,
5736,
5737,
5738,
5739,"Kigulu, Kira"
5740,
5741,"Kira, Yuganda"
5742,
5743,
5744,
5745,
5746,
5747,
5748,
5749,
5750,
5751,
5752,Kisiizi
5753,
5754,
5755,
5756,
5757,
5758,
5759,
5760,
5761,Kihiihi
5762,
5763,
5764,
5765,Kikorongo
5773,
5774,Wikipedia:Abateesiteesi/Apipo1907
5777,
5778,Liberiya
5779,Mangada
5780,Okukunganya Amazzi G'enkuba
5786,
5788,
5789,
5790,
5793,
5797,
5799,
5800,
5801,
5805,
5807,
5810,
5813,
5814,
5816,
5819,Australia (ssemazinga)
5820,
5821,
5826,
5831,
5833,
5834,
5835,
5836,
5840,
5841,
5842,
5843,
5844,
5845,
5846,
5847,
5848,
5851,
5852,
5853,
5854,
5855,
5856,
5857,
5858,
5859,
5860,
5861,
5862,
5863,
5864,
5865,
5866,
5867,
5869,
5870,
5871,
5872,
5873,
5874,
5875,
5876,
5877,
5878,
5879,
5880,
5881,
5882,
5883,
5884,
5885,
5886,
5887,
5888,
5889,
5890,
5891,
5892,
5893,
5894,
5895,
5896,
5897,
5898,
5899,
5900,
5901,
5902,
5903,
5904,
5905,
5906,
5907,
5908,
5909,
5910,
5911,
5912,
5913,
5914,
5915,
5916,
5917,
5925,
5926,
5927,
5928,
5929,
5930,
5931,
5932,
5933,
5934,
5935,
5937,
5939,
5940,
5941,
5942,
5943,
5944,
5945,
5947,
5948,
5950,
5951,
5953,
5954,
5955,
5956,
5957,
5958,
5959,
5960,
5961,
5962,
5963,
5964,
5965,
5966,
5967,
5968,
5969,
5971,
5972,
5973,
5974,
5975,
5976,
5977,
5978,
5979,
5980,
5981,
5982,
5983,
5984,
5985,
5987,
5988,
5989,
5990,
6001,
6002,
6003,
6004,
6005,
6006,
6007,
6008,
6009,
6010,
6011,
6012,
6013,
6014,
6015,
6016,
6017,
6018,
6019,
6020,
6021,
6022,
6023,
6024,
6025,
6026,
6027,
6028,
6029,
6030,
6031,
6032,
6033,
6034,
6035,
6037,
6038,
6039,
6040,
6041,
6042,
6043,
6044,
6045,
6046,
6047,
6048,
6049,
6050,
6051,
6052,
6060,
6062,
6064,
6065,
6066,
6067,
6068,
6069,
6070,
6071,
6072,
6073,
6074,
6075,
6076,
6077,
6078,
6079,
6080,
6081,
6083,
6084,
6085,
6086,
6087,
6088,
6090,
6091,
6093,
6094,
6095,
6096,
6097,
6098,
6099,
6100,
6101,
6102,Lwengo (disitulikit)
6107,
6116,
6117,
6118,
6119,
6120,
6121,
6122,
6123,
6124,
6125,
6126,
6127,
6128,
6129,
6130,
6131,
6132,
6133,
6134,
6135,
6136,
6137,
6138,
6142,
6143,
6144,
6145,
6146,
6147,
6148,
6149,
6150,
6151,
6152,
6153,
6154,
6155,
6156,
6157,Empumumpu
6158,
6159,
6160,
6161,
6162,
6163,
6164,
6165,
6166,
6167,
6168,
6169,
6170,
6171,
6172,
6173,
6174,
6175,
6176,
6177,
6178,
6179,
6180,
6181,
6182,
6183,
6184,
6185,
6186,
6187,
6188,
6189,
6190,
6191,
6192,
6193,
6194,
6195,
6196,
6197,
6198,
6199,
6200,
6201,
6202,
6203,
6204,
6205,
6206,
6207,
6208,
6209,
6210,
6211,
6212,
6213,
6214,
6215,
6216,
6217,
6218,
6219,
6220,
6221,
6222,
6223,
6224,
6225,
6226,
6227,
6228,
6229,
6230,
6231,
6232,
6233,
6235,
6236,
6237,
6238,
6239,
6240,
6241,
6242,
6244,
6245,
6246,
6247,
6248,
6249,
6250,
6251,
6252,
6253,
6254,
6255,
6256,
6258,
6259,
6260,
6261,
6262,
6264,
6265,
6266,
6267,
6268,
6269,
6270,
6271,
6272,
6273,
6274,
6275,
6276,
6277,
6278,
6279,
6280,
6281,
6283,
6284,
6285,
6286,
6288,
6290,
6291,
6292,
6293,
6294,
6296,
6297,
6298,
6299,
6300,
6301,
6302,
6303,
6304,
6305,
6306,
6307,
6308,
6309,
6310,
6311,
6312,
6313,
6323,
6324,
6325,
6326,
6327,
6328,
6329,
6330,
6331,
6333,
6334,
6335,
6336,
6337,Senzito
6338,
6339,
6340,
6341,
6342,
6343,
6344,
6345,
6346,
6347,
6348,
6349,
6350,
6351,
6352,
6353,
6354,
6355,
6357,
6358,
6359,
6360,
6361,
6362,
6363,
6364,
6365,
6366,
6367,
6368,
6369,
6370,
6371,
6372,
6373,
6374,
6375,
6376,
6377,Ensengekera y'Ekitegabbugumu
6378,
6379,
6380,
6381,
6382,
6383,
6384,
6385,
6386,
6387,
6389,
6390,
6391,
6392,
6393,
6394,
6395,
6397,
6398,
6399,
6400,
6401,
6402,
6403,
6404,
6405,
6406,
6407,
6408,
6409,
6410,
6411,
6412,
6413,
6414,
6415,
6416,
6417,
6418,
6423,
6424,
6425,
6428,
6429,
6430,
6431,
6432,
6433,
6434,
6435,
6436,
6437,
6438,
6440,
6441,
6442,
6443,
6444,
6445,
6446,
6447,
6449,
6450,
6451,
6452,
6453,
6454,
6455,
6456,
6457,
6459,
6460,
6464,
6465,
6466,
6467,
6468,
6473,
6474,
6477,
6478,
6479,
6480,
6481,
6482,
6483,
6484,
6485,
6486,
6487,
6488,
6489,
6490,
6491,
6492,
6508,
6509,
6510,
6511,Ebyobuziba
6515,Essomabiramu
6520,Essomampuyisatu (Trigonometry)
6521,Essomampuyisatu (Trigonometry)
6522,Alubbaati Ansitayini
6524,Ebyobuzimbe
6526,Ebyobuzimbe
6527,Ebinnyonnyozo by'essomampimo (Geometrical properties)
6528,Obutaffaali bw'Omubiri (Body cells)
6529,Okusengeka namba (Ordering numbers)
6530,Namba zennyini (Real numbers)
6531,Namba zennyini (Real numbers)
6532,Namba zennyini (Real numbers)
6533,Namba eza Kigaanira(Odd numbers)
6534,Ebika bya namba
6535,
6536,
6537,
6538,
6539,
6540,
6541,
6542,
6543,
6544,
6545,
6546,
6547,
6548,
6550,
6551,
6552,
6553,
6554,
6555,
6557,
6558,
6559,
6560,
6561,
6562,
6563,
6564,
6565,
6566,
6567,
6568,
6569,
6570,
6571,
6572,
6573,
6574,
6575,
6576,
6577,
6578,
6579,
6580,
6581,
6582,
6583,
6584,
6585,
6586,
6587,
6588,
6589,
6590,
6591,
6592,
6593,
6595,
6596,
6597,
6598,
6599,
6600,
6601,
6602,
6603,
6604,
6607,Entababutonde
6608,Olubuguumiriro lw'Enkulungo y'Ensi
6611,
6612,
6613,
6614,Obulamu obw'Enjawulo (Biodiversity)
6615,
6616,Essomabuzaale
6617,Essomankula ennetoloovu
6620,Okufumuuka n'Okutondowala (Evaporation and condensation)
6621,Ensonga z'Entondeka y'Ebikole (Factors of Production)
6622,Nambiso ne Namba (Numerals and numbers)
6624,Akaziba ka ayidologyeni (hydrogen atom)
6625,
6626,Ekibalirizo
6627,
6628,Ebyamalimiro
6629,Ekimuli
6630,Ekimuli
6632,
6633,
6634,
6635,
6636,
6639,
6640,
6642,
6643,
6644,
6645,
6646,
6647,
6649,
6650,
6651,
6652,
6653,
6654,
6655,
6656,
6657,
6658,
6663,
6664,
6665,
6666,
6667,
6669,
6670,
6671,
6672,
6673,
6710,
6711,
6712,
6714,
6715,
6716,
6717,
6718,
6719,
6720,
6721,
6722,
6723,
6724,
6725,
6726,
6727,
6730,
6731,
6732,
6733,
6734,
6735,
6736,
6737,
6738,
6739,
6740,
6741,
6742,
6743,
6744,
6745,
6749,
6754,
6756,
6757,
6758,
6759,
6760,
6761,
6762,
6764,
6765,
6767,
6768,
6769,
6770,
6771,
6772,
6773,
6774,
6775,
6776,
6777,
6778,
6779,
6780,
6781,
6782,
6783,
6785,
6786,
6787,
6788,
6790,
6792,
6795,
6796,
6797,
6798,
6799,
6800,
6801,
6802,
6803,
6804,
6805,
6806,
6807,
6808,
6823,
6825,
6828,
6829,
6830,
6832,
6833,
6835,
6836,
6837,
6838,
6839,
6840,
6841,
6842,
6843,
6844,
6845,
6846,
6847,
6848,
6849,
6850,
6851,
6853,
6854,
6855,
6856,
6857,
6858,
6859,
6860,
6861,
6862,
6863,
6864,
6865,
6866,
6867,
6868,
6869,
6870,
6871,Aligebbula
6872,
6873,
6874,
6875,
6876,Ekibalangulo
6877,Ekikenululo
6878,
6879,
6880,
6881,
6882,
6883,
6886,
6887,
6888,
6889,
6890,
6891,
6892,
6893,
6894,
6895,
6896,
6897,
6899,
6900,
6901,
6902,
6903,
6904,
6905,
6906,
6907,
6908,
6909,
6913,Yisaaka Netoni
6918,
6919,
6920,
6925,Kitondekamazzi
6926,Kitondekamazzi
6928,
6929,
6930,
6931,
6932,
6936,
6937,
6938,
6939,
6940,
6941,
6942,
6943,
6944,
6945,
6946,
6947,
6948,
6949,
6950,
6951,
6952,
6953,
6954,
6956,Okuvunda Kw'ebiramu
6957,
6958,
6960,
6961,
6962,
6963,
6964,
6965,
6966,
6967,
6968,
6969,
6970,
6972,
6975,
6984,
6985,
6986,
6988,Ensengekera y'ekikugiro
6990,
6993,
6995,
6996,
6997,
7000,Ensolo Lubbira
7001,
7002,
7003,
7004,
7005,
7006,
7007,
7008,
7096,
7100,
7101,
7126,Ennamba
7127,
7128,
7129,
7131,Amazzi
7132,Essomabiramu
7136,Omuntu
7139,
7156,
7157,
7158,
7159,
7162,
7163,Langi
7170,
7171,
7172,
7176,Noowe
7177,1
7178,Bukiikakkono
7179,Bukiikaddyo
7180,Endagabwolekero
7184,Biên Hòa
7195,Ennamba
7196,Eby'obutonde
7197,Amasannyalaze
7198,Ekitangaala
7200,Essomabiramu
7201,Omuntu omusenguse
7202,Omuntu kalimagezi
7203,Omuntu
7204,Ensi
7205,Kokeyini
7206,Nabuzimbe
7207,Lulyansolo
7208,Ekiyaayaano ky'Obusannyalazo
7209,Ekigoberero kya Akimeedizi
7212,
7213,
7214,
7215,
7216,
7217,
7218,
7220,
7221,
7222,
7223,
7224,
7225,
7226,
7227,
7228,
7229,
7230,
7240,
7241,
7243,
7244,Ebyobuziba
7245,Ebyobuziba
7246,
7248,
7249,
7250,
7251,
7252,
7253,
7254,
7256,
7257,
7258,Aligebbula
7259,Aligebbula
7260,Omweyoleko gwa Aligebbula
7263,Akataffaali
7264,Ekivululo
7266,
7267,
7269,
7270,
7271,
7272,
7273,
7274,
7275,
7276,
7277,
7278,
7279,
7280,Essomabwengula
7282,Namungina z'ebipimo
7283,
7284,
7285,
7286,
7287,
7288,
7289,
7291,
7293,
7295,
7296,
7297,Essomanjatula
7298,
7300,
7303,
7305,
7306,
7308,
7309,
7310,
7311,
7312,
7313,
7314,
7315,
7316,
7317,
7318,
7319,
7323,
7324,
7325,
7329,
7330,
7331,
7333,
7334,
7336,
7337,
7339,
7340,
7341,
7342,
7343,
7344,
7345,
7346,
7347,
7348,
7349,
7350,
7361,
7362,
7363,
7364,
7365,
7371,
7373,Bakitiiriya
7377,Essomannimi
7378,Essomannimi
7379,Vitamiini
7380,Vitamiini
7381,Essomansi
7384,
7385,
7386,
7387,
7389,
7391,
7392,Essomamawanga
7393,
7394,
7395,
7396,
7397,
7398,
7399,
7400,
7401,
7402,Essomamawanga
7409,
7417,
7447,Essomankuluze
7458,
7460,
7463,
7464,
7465,
7466,
7469,
7470,
7472,
7473,
7474,
7475,
7476,
7477,
7478,
7479,
7480,
7489,
7490,
7493,
7494,
7495,
7496,
7501,
7502,
7509,
7510,Eswatini
7519,
7520,
7659,
7662,
7664,
7670,Ekibumba
7671,Essomabigambo
7672,Essomampandiika
7673,Ensibukula
7674,Essomanjatula
7680,
7688,
7694,
7695,
7696,Ssekabaka Mutesa II
7697,
7698,
7699,
7700,
7701,
7703,
7704,
7705,
7706,
7708,
7725,
7726,
7732,Essomampisa
7733,
7734,
7735,
7743,
7748,
7750,
7755,Makerere y'akubiri ku ssemazinga
7757,Ennyanja Mwitanzige
7775,
7779,
7782,
7784,
7786,
7787,
7788,
7789,
7792,
7793,
7794,
7795,
7796,
7801,Charles Peter Mayiga
7802,
7803,
7804,
7805,
7807,
7808,
7809,
7810,
7812,
7813,
7814,
7815,
7816,
7817,
7818,
7820,
7821,
7822,
7823,
7824,
7825,
7826,
7829,
7830,
7835,
7836,
7837,
7839,
7840,
7842,
7843,
7844,
7845,
7846,
7847,
7848,
7849,
7850,
7851,
7852,
7853,
7854,
7856,
7857,
7858,
7859,
7860,
7861,
7862,
7863,
7864,
7865,
7866,
7867,
7868,
7869,
7870,
7871,
7872,
7873,
7874,
7875,
7876,
7877,
7878,
7879,
7880,
7881,
7882,
7883,
7884,
7885,Janet Museveni
7887,
7888,
7889,
7890,
7891,
7892,
7893,
7894,
7895,
7896,
7897,
7898,
7909,
7912,
7918,
7919,Robinah Nabbanja
7920,
7921,
7922,
7923,
7924,
7925,
7926,
7927,
7929,
7930,
7931,
7932,
7933,
7934,
7935,
7936,
7937,
7938,
7939,
7940,
7941,
7942,
7943,
7944,
7945,
7946,
7947,
7948,
7949,
7950,
7951,
7952,
7953,
7954,
7955,
7956,
7957,
7958,
7959,
7960,
7961,
7962,
7963,
7964,
7965,
7966,
7967,
7968,
7969,
7970,
7971,
7972,
7973,
7974,
7975,
7976,
7977,
7978,
7979,
7980,
7982,
7983,
7984,
7985,
7986,
7987,
7988,
7996,
8000,
8001,
8002,
8003,
8004,
8005,
8006,
8009,
8012,Payisoggolaasi
8013,Payisoggolaasi
8014,Bupoolo
8015,Buturuki
8021,Bubirigi
8023,Bufalansa
8025,Afirika
8026,Rwasha
8027,Ennyanja Wamala
8028,Ennyanja Mwitanzige
8029,Ennyanja Mwitanzige
8031,Solomon Iguru I
8032,Bakitiiriya
8033,Bobi Wine
8039,Polotozoowa
8040,Polotozoowa
8041,Essomansi
8042,Dimiti Mandeevu
8043,Dimiti Mandeevu
8044,Ekigeranyabudde
8045,Ekigeranyabudde
8047,Ekitengejjo
8048,Ekitengejjo
8049,Molekyo
8052,
8054,
8055,
8057,Ekibulungulo
8058,Ekibulungulo
8060,Ekipuluko
8061,Ekipuluko
8063,
8064,
8065,Afirika
8068,
8078,
8079,
8080,
8081,
8082,
8083,
8084,
8085,
8086,
8087,
8089,
8092,
8093,
8094,
8095,
8096,
8097,
8098,
8099,
8100,
8101,
8102,
8103,
8104,
8105,
8106,
8107,
8108,
8109,
8110,
8111,
8112,
8113,
8114,
8115,
8116,
8117,
8118,
8119,
8121,
8122,
8123,
8124,
8125,
8126,
8127,
8128,
8129,
8130,
8131,
8135,
8138,
8147,
8152,Zzaabu
8153,Fololiini
8154,Aluminiyamu
8155,Kololiini
8164,
8165,
8166,
8167,
8168,
8169,
8170,
8171,
8172,
8173,
8174,
8175,
8176,
8178,User:Eric Luth (WMSE)/Sandbox
8179,
8180,
8181,
8182,
8183,
8184,
8185,
8186,
8187,
8188,
8189,
8190,
8191,
8192,
8193,
8194,
8195,
8196,
8197,
8198,
8199,
8200,
8201,
8202,
8203,
8204,
8205,
8206,
8207,
8208,
8209,
8210,
8212,
8213,
8214,
8216,
8219,
8220,
8221,
8222,
8223,
8224,
8225,
8226,
8227,
8228,
8229,
8230,
8231,
8232,
8233,
8234,
8235,
8236,
8237,
8238,
8239,
8240,
8241,
8242,
8243,
8244,
8245,
8246,
8247,
8248,
8249,
8250,
8251,
8252,
8253,
8254,
8255,
8256,
8257,
8258,
8259,
8260,
8261,
8262,
8263,
8264,
8265,
8266,
8267,
8268,
8269,
8270,
8271,
8272,
8273,
8274,
8275,
8276,
8277,
8278,
8279,
8280,
8281,Mukotani Rugyendo
8282,
8283,
8284,
8285,
8286,
8287,
8288,
8289,
8290,
8291,Swangz Avenue
8292,
8293,
8294,
8295,
8296,
8297,
8298,
8299,
8300,
8301,
8302,
8303,
8304,
8305,
8306,
8307,
8309,
8310,
8311,
8312,
8313,
8315,
8316,
8317,
8318,
8319,
8320,
8321,
8322,
8323,
8324,Ekisaawe kya Lugogo Stadium
8325,
8326,
8327,Kiraabu ya Vipers SC
8328,
8329,
8330,
8331,
8332,
8333,
8334,
8335,
8336,
8337,
8338,
8339,
8340,
8341,
8342,
8343,
8344,
8345,
8346,
8347,
8348,
8349,
8350,
8351,
8352,
8353,
8354,
8355,
8356,
8357,
8358,
8360,
8361,
8362,Navio (akuba ennyimba z'okufubutuka ebigambo)
8364,
8365,
8366,
8368,
8369,
8370,
8371,
8372,
8373,
8374,
8375,
8376,
8377,
8378,
8379,
8380,
8381,
8382,
8383,
8384,
8385,
8386,
8387,
8388,
8389,
8392,
8393,
8394,Ekkomera ly'e Kitalya
8395,Ekkomera ly'e Kitalya
8396,
8397,
8398,
8399,
8400,
8401,
8402,Ekkomera ly'e Makindye
8403,
8404,
8405,
8406,
8407,
8408,
8409,
8411,
8412,
8414,
8415,
8416,
8417,
8418,
8419,
8420,
8421,
8422,
8423,
8424,
8425,
8426,
8427,
8428,
8429,
8430,
8431,
8432,
8433,
8434,
8435,
8436,
8437,
8438,
8439,
8440,
8441,
8442,
8443,
8444,
8445,
8446,
8447,
8448,
8449,
8450,
8451,
8452,
8453,
8454,
8455,
8456,
8457,
8458,
8460,
8461,
8462,
8463,
8464,
8465,
8466,
8467,
8468,Afrigo Band
8469,
8470,
8471,
8472,
8473,
8475,
8476,
8477,
8478,
8479,
8480,
8481,
8482,
8483,
8484,
8485,
8486,
8487,
8488,
8489,Wooteri Eqatorial
8490,
8491,
8492,
8493,
8494,
8495,
8496,
8497,
8498,
8499,
8500,
8501,
8502,
8503,
8504,
8505,
8506,
8507,
8508,
8509,
8510,
8511,
8512,
8513,
8514,
8515,
8516,
8517,
8518,
8519,
8520,
8521,
8522,
8523,
8524,
8525,
8526,
8527,
8528,
8529,
8530,
8531,
8532,
8533,
8534,
8535,
8536,
8537,
8538,
8539,
8540,
8541,
8542,
8543,
8544,
8545,
8546,
8547,Namba ez'endagakifo
8550,
8551,
8553,Mwami Lengs
8556,
8557,
8558,
8559,
8561,
8562,
8563,
8564,
8565,
8566,
8567,
8568,
8569,
8570,Finilandi
8571,
8572,Buyonaani
8573,
8574,
8575,
8576,
8577,
8578,
8579,
8580,
8581,Czechia
8582,
8583,
8584,
8585,
8586,Lithueenia
8587,
8588,
8589,
8590,
8591,
8592,
8593,
8594,Yitale
8595,
8596,
8597,
8599,
8600,
8612,
8613,
8614,
8615,
8616,
8617,
8618,
8619,
8620,
8621,
8622,
8623,
8624,
8625,
8626,
8627,
8628,
8629,
8630,
8631,
8632,
8633,
8634,
8635,
8636,
8639,
8640,
8641,
8642,
8643,
8644,
8645,
8646,
8647,
8648,
8649,
8650,
8651,
8652,
8653,
8654,
8655,
8656,
8657,
8658,
8659,
8660,
8661,
8662,
8663,
8664,
8665,
8666,
8667,
8668,
8669,
8670,
8671,
8672,
8673,
8674,
8675,
8676,
8677,
8678,
8679,
8680,
8681,
8682,
8683,
8684,
8685,
8686,
8687,
8688,
8689,
8690,
8691,
8692,
8693,
8694,
8695,
8696,
8697,
8698,
8699,
8700,
8701,
8702,
8703,
8704,
8705,
8706,
8707,
8708,
8709,
8710,
8711,
8712,
8713,
8714,
8715,
8716,
8717,
8718,
8719,
8720,
8721,
8722,
8723,
8724,
8725,
8726,
8727,
8728,
8729,
8730,
8731,
8732,
8733,
8734,
8735,
8736,
8737,
8738,
8739,
8740,
8741,
8742,
8743,
8744,
8745,
8746,
8747,
8748,
8749,
8750,
8751,
8752,
8753,
8754,
8755,
8756,
8757,
8758,
8759,
8760,
8761,
8763,
8764,
8765,
8766,
8767,
8768,
8769,
8770,
8771,
8780,
8781,
8782,
8783,
8784,
8785,
8786,
8787,
8788,
8789,
8790,
8791,
8792,
8793,
8794,
8795,
8796,
8797,
8798,
8799,
8800,
8801,
8802,
8803,
8804,
8805,
8806,
8807,
8808,
8809,
8810,
8811,
8812,
8813,
8814,
8815,
8816,
8817,
8818,
8819,
8820,
8821,
8822,
8823,
8824,
8825,
8826,
8827,
8828,
8829,
8830,
8831,
8832,
8833,
8834,
8835,
8836,
8837,
8838,
8839,
8840,
8841,
8842,
8843,
8844,
8845,
8846,
8847,
8848,
8849,
8850,
8851,
8852,
8853,
8854,
8855,
8856,
8857,
8858,
8859,
8860,
8861,
8862,
8863,
8864,
8865,
8866,
8867,
8868,
8869,
8870,
8871,
8872,
8873,
8874,
8875,
8876,
8877,
8878,
8879,
8880,
8881,
8882,
8883,
8884,
8885,
8886,
8887,
8888,
8889,
8890,
8891,
8892,
8893,
8894,
8895,
8896,
8897,
8898,
8899,
8900,
8901,
8902,
8903,
8904,
8905,
8906,
8907,
8908,
8909,
8910,
8911,
8912,
8913,
8914,
8915,
8916,
8917,
8918,
8919,
8920,
8921,
8922,
8923,
8924,
8925,
8926,
8927,
8928,
8929,
8930,
8931,
8932,
8933,
8934,
8935,
8936,
8937,
8938,
8939,
8940,
8941,
8942,
8943,
8944,
8945,
8946,
8947,
8948,
8949,
8950,
8951,
8952,
8953,
8954,
8955,
8956,
8957,
8958,
8959,
8960,
8961,
8962,
8963,
8964,
8965,
8966,
8967,
8968,
8969,
8970,
8971,
8972,
8973,
8974,
8975,
8977,
8978,
8979,
8980,
8981,
8982,
8983,
8984,
8985,
8986,
8987,
8988,
8989,
8990,
8991,
8992,
8993,
8994,
8995,
8996,
8997,
8998,
8999,
9000,
9001,
9002,
9003,
9004,
9005,
9006,
9007,
9008,
9009,
9010,
9011,
9012,
9013,
9014,
9015,
9016,
9017,
9018,
9019,
9020,
9021,
9022,
9023,
9024,
9025,
9026,
9027,
9028,
9029,
9030,
9031,
9032,
9033,
9034,
9047,
9048,
9049,
9052,
9053,
9059,
9060,
9061,
9064,
9065,
9067,
9073,
9074,
9075,
9076,
9077,
9078,
9079,
9080,
9081,
9083,
9085,
9086,
9087,
9088,
9089,
9090,
9091,
9092,
9096,
9097,
9099,
9100,
9101,
9104,
9105,Abakulembeze ba Uganda
9107,
9108,
9112,
9113,
9114,
9118,
9119,
9122,
9123,
9128,
9129,
9130,
9131,
9134,
9137,
9142,
9143,
9152,
9153,
9155,
9156,
9157,
9158,
9164,
9168,
9172,
9175,
9176,
9177,
9178,Module:Citation/CS1/doc
9179,
9180,
9181,Module:Citation/CS1/Date validation/doc
9182,
9183,
9184,
9185,
9186,
9188,
9189,
9190,
9192,
9195,
9197,
9206,
9214,
9219,
9223,
9224,
9225,
9228,
9229,
9230,
9232,
9233,
9234,
9235,
9236,
9237,
9238,
9239,
9240,
9241,
9242,
9243,
9244,
9245,
9246,
9247,
9248,
9249,
9250,
9251,
9252,
9253,
9254,
9255,
9256,
9257,
9258,
9259,
9260,
9261,
9262,
9263,
9264,
9265,
9266,
9267,
9268,
9269,
9270,
9271,
9272,
9273,
9274,
9275,
9276,
9277,
9278,
9279,
9280,
9281,
9282,
9283,
9284,
9285,
9286,
9287,
9288,
9289,
9290,
9291,
9292,
9293,
9294,
9295,
9296,
9297,
9298,
9299,
9300,
9301,
9302,
9303,
9304,
9305,
9306,
9307,
9308,
9309,
9310,
9311,
9312,
9313,
9314,
9315,
9316,
9317,
9318,
9319,
9320,
9321,
9322,
9323,
9324,
9325,
9326,
9327,
9328,
9329,
9330,
9331,
9332,
9333,
9334,
9335,
9336,
9337,
9338,
9339,
9340,
9341,
9342,
9343,
9344,
9345,
9346,
9347,
9348,
9349,
9350,
9351,
9353,
9354,
9355,
9356,
9357,
9358,
9359,
9360,
9361,
9362,
9363,
9364,
9365,
9366,
9367,
9368,
9369,
9370,
9371,
9372,
9373,
9374,
9375,
9376,
9377,
9378,
9379,
9380,
9381,
9382,
9383,
9384,
9385,
9386,
9387,
9388,
9389,
9390,
9391,
9392,
9393,
9394,
9395,
9396,
9397,
9398,
9399,
9400,
9401,
9402,
9403,
9404,
9405,
9406,
9407,
9408,
9409,
9410,
9411,
9412,
9413,
9414,
9415,
9416,
9417,
9418,
9419,
9420,
9421,
9423,
9424,
9425,
9426,
9427,
9428,
9429,
9430,
9431,
9432,
9433,
9434,
9435,
9436,
9437,
9438,
9439,
9440,
9441,
9442,
9443,
9444,
9445,
9446,
9447,
9448,
9449,
9450,
9451,
9452,
9453,
9454,
9455,
9456,
9457,
9458,
9459,"Genevieve County, Missouri"
9460,
9461,
9462,
9463,
9464,
9465,
9466,
9467,
9468,
9469,
9471,
9472,
9473,
9474,
9475,
9476,
9477,
9478,
9479,
9480,
9481,
9482,
9483,
9484,
9485,
9486,
9487,
9488,
9489,
9490,
9491,
9492,
9493,
9494,
9495,
9496,
9497,
9498,
9499,
9500,
9501,
9502,
9503,
9504,
9505,
9506,
9507,
9508,
9509,
9510,
9511,
9513,
9514,
9515,
9516,
9517,
9518,
9519,
9520,
9521,
9522,
9523,
9524,
9525,
9526,
9527,
9528,
9529,
9530,
9531,
9532,
9533,
9534,
9535,
9536,
9537,
9539,
9541,
9543,
9544,
9545,
9546,
9547,
9548,
9549,
9550,
9551,
9552,
9553,
9555,
9556,
9557,
9558,
9559,
9560,
9561,
9562,
9563,
9566,
9570,
9571,
9572,
9581,
9582,
9583,
9585,
9586,
9590,
9591,
9597,
9598,
9599,
9600,
9601,
9602,
9603,
9604,
9605,
9607,
9608,
9609,
9610,
9611,
9612,
9614,
9615,
9616,
9617,
9618,
9619,
9620,
9621,
9622,
9623,
9624,
9625,
9626,
9627,
9629,
9630,
9631,
9632,
9633,
9634,
9635,
9636,
9637,
9638,
9639,
9640,
9641,
9642,
9643,
9644,
9645,
9646,
9647,
9648,
9649,
9650,
9651,
9652,
9653,
9654,
9655,
9656,
9657,
9658,
9659,
9660,
9661,
9662,
9663,
9664,
9665,
9666,
9667,
9668,
9669,
9670,
9671,
9672,
9673,
9674,
9675,
9676,
9677,
9678,
9679,
9680,
9681,
9682,
9683,
9684,
9685,
9686,
9687,
9688,
9689,
9690,
9691,
9692,
9693,
9694,
9695,
9696,
9697,
9698,
9699,
9700,
9701,
9702,
9703,
9704,
9705,Annet Negesa
9706,
9707,
9708,
9710,
9711,
9712,
9713,
9714,
9715,
9716,
9717,
9718,
9719,
9720,
9721,
9722,
9723,
9724,
9725,
9726,
9727,
9728,
9729,
9730,
9731,
9732,
9733,
9734,
9735,
9736,
9737,
9738,
9739,
9740,
9741,
9742,
9743,
9744,
9745,
9746,
9747,
9748,
9749,
9750,
9751,
9752,
9753,
9754,
9755,
9756,
9757,
9758,
9759,
9760,
9761,
9762,
9763,
9764,
9765,
9766,
9767,
9768,
9769,
9770,
9771,
9772,
9773,
9775,
9776,
9777,
9778,
9779,
9780,
9781,
9782,
9783,
9784,
9785,
9787,
9788,
9789,
9790,
9791,
9792,
9793,
9794,
9795,
9807,
9808,
9816,
9818,
9819,
9827,
9870,
9875,
9882,
9883,
9886,
9896,
9898,
9903,
9909,
9915,
9929,
9931,
9945,
9951,
9957,
9962,
9963,
9977,
9978,
9979,
9980,
9981,
9982,
9983,
9984,
9997,
10000,
10006,
10013,
10017,
10018,
10020,
10021,
10022,
10023,
10024,
10025,
10026,
10027,
10028,
10029,
10030,
10031,
10032,
10033,
10034,
10035,
10038,
10039,
10040,
10043,
10044,
10045,
10049,
10050,
10059,
10063,
10067,
10074,
10080,
10083,
10084,
10085,
10086,
10087,
10088,
10089,
10090,
10091,
10092,
10093,
10094,
10095,
10096,
10097,
10098,
10099,
10100,
10101,
10102,
10103,
10104,
10105,
10106,
10107,
10108,
10109,
10110,
10111,
10112,
10113,
10114,
10115,
10116,
10117,
10118,
10119,
10120,
10121,
10122,
10123,
10124,
10125,
10126,
10127,
10128,
10129,
10130,
10131,
10132,
10133,
10134,
10135,
10136,
10137,
10138,
10139,
10140,
10141,
10142,
10143,
10144,
10146,
10147,
10148,
10149,
10150,
10151,
10152,
10153,
10154,
10155,
10156,
10157,
10158,
10159,
10160,
10161,Medius Kaharata Natukunda
10162,
10163,
10164,
10165,
10166,
10167,
10168,
10169,
10170,
10171,
10172,
10173,
10174,
10175,
10176,
10177,
10178,
10179,
10180,
10181,
10182,
10183,
10184,
10185,
10186,
10187,
10188,
10189,
10190,
10191,
10196,
10199,Ekibira ky'e Budongo
10200,
10201,
10202,
10203,
10204,
10205,
10206,
10207,
10208,
10209,
10210,
10211,
10212,
10213,
10214,
10215,
10216,
10218,
10219,
10220,Olukoongo
10221,
10222,
10223,
10224,
10225,
10226,Ekitongole ekikwasaganya ebibira
10227,
10228,
10230,
10231,
10234,
10235,
10237,
10239,
10240,
10242,
10243,
10244,
10250,
10251,
10252,
10254,
10256,
10258,Omumbejja Elizabeth ow'e Tooro
10281,
10282,
10290,
10292,
10293,
10294,
10295,
10297,
10298,
10299,
10300,
10301,
10302,
10308,
10310,Okubala
10311,Ensengeka edda waggulu
10312,Ensengeka ekka wansi
10313,Emisimba
10314,Ensekkati
10315,Ensinga
10316,Enjawuzo
10317,Omugeranyo=Ekigero
10318,Mpuyinnyingi
10319,Emirandira gy'enamba
10320,Okwebiriga n'Okwesatuza namba
10321,Olukoloboze lw'ennamba
10322,Kyesatuza
10323,Ensoggo
10324,Ekigulumiro
10325,Ekitendero
10326,Entoloovu = Enkula ennetoloovu
10327,Ettoloovu =Ekkubo eryetoloovu
10328,Ekigewukano
10329,Sayansi w'Ebyamalimiro
10330,Ebitangattiso
10331,Ensengekera z'Ebitangattiso
10332,Ebyetaagisa okukuza ebirime
10333,Ebitundu by'Ekimera
10334,Ekikoola
10335,Emirandira gy'ebimera
10336,Enduli oba enkolo
10337,Obulamu obusirikitu
10338,Obulamu Obusirikitu obw'omugaso
10339,Obulamu Obusirikitu obw'obulabe
10340,Olufungi
10341,Olutiko
10342,Obwoyooya
10343,Ebyobugagga obw'ensibo
10344,Ensengekera y'Ekitegabbugumu
10345,Ekiteggabbugumu ekisukkulumu
10346,Ekigero
10347,Omugeranyo
10348,Nakyenkanyampuyi/Nakyenkanyanjuyi
10349,Endaga
10350,Omugereko omukalu
10351,Enkubisa
10352,Ekibazamukisa
10353,Ebisengeko
10354,Ekifunza
10355,Emikwanaganyo n'Emikwataganyo
10356,Obulungi bw'Okuyiga sayansi n'ekibalangulo mu Luganda n'Olungereza mu essomeso lye limu
10357,Okukunuukiriza n'Okuzingako namba
10358,Kalonda ne Kalondomusengeke
10359,Obuufu oba Obuyitiro
10360,Eppetero
10361,Mpuyinnya
10362,Ekikunizo
10363,Okusonjola
10364,Okuwendowaza
10365,Musikisa/Okusikiza
10366,Nakyenkanyampuyi ne Nakyekubira
10367,Enkyusibwo
10368,Ennyingo
10369,Ekitondeko
10370,Enkubise
10371,Nambuluzo
10372,Okunambulula
10373,Emigereko
10374,Emisingi gya Namba
10375,Ebika bya namba
10376,Okuva
10377,Essomabuzaale
10378,Bassekalowooleza ne Bannakalowooleza ba Buganda abedda
10379,Ekigattikakibabiro
10380,Eppeto
10381,Obukwafu n'Obukwafuwavu
10382,Empalirizo esukuma ekitengejjeso waggulu
10383,Okufuma n'Okutalagga
10384,Ekigugubiro
10385,Ebigugubizi
10386,Amasannyalaze ag'entagenda
10387,Ekisannyalazo
10388,Nansannyalaze
10389,Luyiika
10390,Enzito
10391,Senzito
10392,Nang'endo
10393,Nabudde
10394,Ekirandizo
10395,Ekibulukusi
10396,OLubugumu = Oluyengo
10397,Amasoboza ag'amasannyalaze
10398,Nabbirye w'Ekitangaala
10399,Amayengo g'Omugendo gw'amasannyalaze n'Ebyebulungulo bya magineeti
10400,Kkala z'Ekitangaala
10401,Ekitangaala ekirabika
10402,Amayengo
10403,Kawereege
10404,Ekinyigirizo
10405,Ekikkatiro
10406,Ebinanuuko
10407,Emiramwa egyekuusiza ku kuva kw'ebintu
10408,Essomamawanga
10409,Ssessomamateeka
10410,Amayengo g'Obwongo
10411,Ebbulwabuzito
10412,Ensikiriziso
10413,Ebbugulimu
10414,Empalirizo z'ekitambuzo
10415,Engerikuva
10416,Okwekuuma
10417,Obwakalimagezi
10418,Engerekera
10421,
10422,
10423,
10424,
10427,
10429,
10430,
10431,
10432,
10433,
10434,
10435,
10436,
10437,
10438,
10439,
10440,
10441,
10442,
10443,
10444,
10445,
10446,
10447,
10448,
10449,
10450,
10451,
10452,
10453,
10454,
10455,
10456,
10457,
10458,
10459,
10460,
10461,
10462,
10463,
10464,
10465,
10466,
10467,
10468,
10469,
10470,
10471,
10472,
10473,
10474,
10475,
10476,
10477,
10478,
10479,
10480,
10481,
10482,
10483,
10484,
10485,
10486,
10487,
10488,
10489,
10490,
10491,
10492,
10493,
10494,
10495,
10496,
10497,
10498,
10499,
10500,
10501,
10502,
10503,
10504,Lukia Isanga Nakadama
10505,
10506,
10507,
10508,
10509,
10510,
10511,
10512,
10513,
10514,
10515,
10516,
10517,
10518,
10519,
10520,
10521,
10522,
10523,
10524,
10525,
10526,
10527,
10528,
10531,
10532,
10533,
10534,
10535,
10536,
10537,
10538,
10539,
10540,
10541,
10542,
10543,
10544,
10545,
10546,
10547,
10548,
10549,
10550,
10551,
10552,
10553,
10554,
10555,
10556,
10557,
10558,
10559,
10560,
10561,
10562,
10563,
10564,
10565,
10566,
10567,
10568,
10569,
10570,
10571,
10572,
10573,
10574,
10575,
10576,
10577,
10578,
10579,
10580,
10581,
10582,
10583,
10584,
10585,
10586,
10587,
10588,
10589,
10590,
10591,
10592,Masiko Winifred Komuhangi
10593,
10594,
10595,
10596,
10597,
10598,
10599,
10600,
10601,
10602,
10603,
10604,
10605,
10606,
10607,
10608,
10609,
10610,
10611,
10612,
10613,
10614,
10615,
10616,
10617,
10618,
10619,
10620,
10621,
10622,
10623,
10624,
10625,
10626,
10627,
10628,
10629,
10631,
10632,
10633,
10634,
10635,
10636,
10637,
10638,
10639,
10640,
10641,
10642,
10643,
10644,
10645,
10646,
10647,
10648,
10649,
10650,
10651,
10652,
10653,
10654,
10655,
10656,
10657,
10658,
10659,
10660,
10661,
10662,
10663,
10664,
10665,
10666,
10667,
10668,
10669,
10670,
10671,
10672,
10673,
10674,
10675,
10676,
10677,
10678,
10679,
10680,
10681,
10682,
10683,
10684,
10685,
10686,
10687,
10688,
10689,
10690,
10691,
10692,
10694,
10695,
10696,
10697,
10698,
10699,
10700,
10701,
10702,
10703,
10704,
10705,
10706,
10707,
10708,
10709,
10710,
10711,
10712,
10713,
10714,
10715,
10716,
10717,
10718,
10719,
10720,
10721,
10722,
10723,
10730,Rhoda Wanyenze
10731,Aisha Kabanda
10732,
10733,
10734,
10735,
10737,
10738,Ekitongole ekikwasaganya ebibira
10739,
10740,
10741,Ekibira kya Arua Central
10742,
10743,
10744,
10745,
10746,
10747,
10748,
10749,
10750,
10751,
10752,
10753,
10754,
10755,
10756,
10757,
10758,
10759,
10760,
10761,
10762,
10763,
10764,
10765,
10766,
10767,
10770,
10771,
10772,
10773,
10774,
10775,
10776,
10777,
10778,
10779,Faith Kunihira
10780,Betty Ethel Naluyima
10781,Betty Ethel Naluyima
10782,
10783,Santa Okot
10784,Santa Okot
10789,
10790,
10791,
10792,
10795,
10796,
10797,
10798,Chris Evans Kaweesi
10799,
10800,
10801,
10802,Ekkanisa ya Uganda mu Buganda
10803,
10804,
10805,Ow'ekitiibwa Edward Kiwanuka Ssekandi
10806,
10807,
10808,
10809,
10810,
10811,
10812,
10813,
10814,Ssetendekero y’e Mbarara
10815,
10816,
10817,Uganda Cranes
10818,Uganda Cranes
10819,
10820,
10822,
10824,
10825,
10826,
10827,
10828,
10829,
10830,
10831,
10832,
10833,
10834,
10835,
10836,
10838,
10839,
10840,
10841,
10842,
10843,
10844,
10845,
10846,
10847,
10848,Geresom Ilukor
10849,
10850,
10851,
10852,
10853,
10854,
10855,
10856,
10857,
10858,
10859,
10860,
10861,
10862,
10863,
10864,
10865,
10866,
10867,
10868,
10869,
10870,
10871,
10872,
10873,
10874,
10875,
10876,George Erwau
10877,
10878,
10879,
10880,
10881,
10883,
10884,
10885,
10886,
10887,
10888,
10889,
10890,
10891,
10892,
10893,
10894,
10895,
10896,
10897,
10898,
10899,
10900,
10901,
10902,
10903,
10904,
10905,
10906,
10907,
10908,
10909,
10910,
10911,
10912,
10913,
10914,
10915,
10916,
10917,
10918,
10919,
10920,
10921,
10922,
10923,
10924,
10925,
10926,
10927,
10928,Sheldon Mwesigwa
10929,
10930,
10931,
10932,
10933,
10934,
10935,
10936,
10937,
10938,
10939,
10940,
10941,
10942,
10943,
10944,
10945,
10946,
10947,
10948,
10949,
10950,
10951,
10952,
10953,
10954,
10955,
10956,
10957,
10958,
10959,
10960,
10961,
10962,
10963,
10964,
10965,
10966,
10967,
10968,
10969,
10970,
10971,
10972,
10973,
10974,
10975,
10976,
10977,
10978,
10979,
10980,
10981,
10982,
10983,
10984,
10985,
10986,
10987,
10988,
10989,
10990,
10991,
10992,
10993,
10994,
10995,
10996,
10997,
10999,Kampala Capital City Authority
11000,
11001,
11002,
11003,
11004,
11005,
11006,
11007,
11008,
11009,
11010,
11011,
11012,
11013,
11014,
11015,
11016,
11017,
11018,
11019,
11020,
11021,
11022,
11023,
11024,
11025,
11026,
11027,
11028,
11029,
11030,
11031,
11032,
11033,
11034,
11035,
11036,
11037,
11038,
11039,
11040,
11041,
11042,
11043,
11044,
11045,
11046,
11047,
11048,
11049,
11050,
11051,
11052,
11053,
11054,
11055,
11057,
11060,
11061,
11064,
11065,
11066,
11069,Morley Byekwaso
11070,Milton Obote
11074,Omugeranyakikumi (percentage)
11075,
11076,
11081,
11084,
11085,
11086,
11087,
11089,
11090,
11091,
11092,
11093,
11094,
11095,
11096,Omuti Nakayima
11097,
11098,
11099,
11100,
11101,
11104,
11105,
11106,
11107,
11108,
11110,Essiga lya Kagolo
11112,
11113,
11115,
11116,
11117,Enkodomali
11118,Talk:Draft:nnakyemalira
11120,
11121,
11122,
11123,
11124,
11125,
11126,
11127,
11128,
11129,Katogo (emmere)
11131,
11132,
11135,Ebyonoona akatale k'omulimi
11136,Omulimi n'omulunzi
11137,Ebika by'enva
11138,
11141,
11143,
11145,
11146,
11147,
11148,
11149,
11150,
11151,
11152,
11153,
11154,
11155,
11156,
11157,
11158,
11159,
11160,
11161,
11162,
11163,Purity Wako
11164,
11165,
11166,
11167,
11168,"Makerere University, Uganda"
11169,
11170,
11171,
11172,
11173,
11174,
11175,
11176,
11177,
11178,
11179,
11180,
11181,
11182,
11186,
11187,
11190,
11191,
11192,
11193,
11194,Sylvia Nagginda
11195,Thomas Tayebwa
11196,Beti Kamya
11197,
11198,
11199,
11202,
11203,
11204,
11205,
11206,
11207,
11208,
11211,Nicholas Omonuk
11212,
11213,
11214,
11215,
11216,
11217,
11218,
11219,
11220,
11221,
11222,
11223,
11224,
11225,
11226,
11227,
11228,
11229,
11230,
11231,
11232,
11233,
11234,
11235,
11236,
11237,
11238,
11239,
11245,
11246,
11247,
11248,
11249,
11250,
11251,
11252,
11253,
11254,
11255,
11256,
11257,
11258,
11259,
11260,
11261,
11262,
11263,
11264,
11265,
11266,
11267,
11268,
11269,
11270,
11271,
11272,
11273,
11275,
11277,
11278,
11280,
11281,
11282,
11283,
11284,
11285,
11286,
11287,
11288,
11289,
11290,
11291,
11292,
11293,
11294,
11295,
11296,
11297,
11298,
11299,
11300,
11301,
11302,
11303,
11304,
11305,
11306,
11307,
11308,
11309,
11310,
11311,
11312,
11313,
11314,
11315,
11316,
11317,
11318,
11319,
11320,
11321,
11322,
11323,
11324,
11325,
11326,
11327,
11328,
11329,
11330,
11331,
11332,
11333,
11334,
11335,
11336,
11337,
11338,
11339,
11340,
11341,
11342,
11343,
11344,
11345,
11346,
11347,
11350,
11351,
11352,
11353,
11354,
11355,
11356,
11357,
11358,
11359,
11360,
11361,
11362,
11363,
11364,
11365,
11366,
11367,Patrick Salvador Idringi
11368,
11369,
11370,
11371,
11372,
11373,
11374,
11375,
11376,
11377,
11378,
11379,
11380,
11381,
11382,
11383,
11384,
11385,
11386,
11387,
11388,
11389,
11390,
11391,
11392,
11393,
11394,
11395,
11396,
11397,
11398,
11399,
11400,
11401,
11402,
11403,
11404,
11405,
11406,
11407,
11408,
11409,
11410,
11411,
11412,
11413,
11414,
11415,
11416,
11417,
11418,
11419,
11420,
11421,
11422,
11426,
11427,
11428,
11429,
11430,
11431,
11432,
11433,
11434,
11435,
11436,
11437,
11438,
11439,
11440,
11441,
11442,
11443,
11444,
11445,
11446,
11447,
11448,
11449,
11450,
11453,
11454,
11455,
11456,
11457,
11458,
11459,
11460,
11461,
11462,
11463,
11464,
11465,
11466,
11467,
11468,
11469,
11470,
11471,
11472,
11473,
11474,
11475,
11476,
11477,
11478,
11479,
11480,
11481,
11482,
11483,
11484,
11485,
11486,
11487,
11488,
11489,
11490,
11491,
11492,
11494,
11495,
11496,
11497,
11498,
11499,
11500,
11501,
11502,
11503,
11504,
11505,
11506,
11507,
11508,
11509,
11510,
11511,
11512,
11513,
11514,
11515,
11516,
11517,
11518,
11519,
11520,
11521,
11522,
11523,
11524,
11525,
11526,
11527,
11528,
11529,
11530,
11531,
11532,
11533,Nick Twinamatsiko
11535,
11541,
11542,
11543,
11544,
11545,Laurence Sematimba
11546,
11548,
11549,
11550,
11551,
11552,
11553,
11554,
11555,
11556,
11557,
11558,
11559,
11560,
11561,
11562,
11563,
11564,
11565,
11566,
11567,
11568,
11569,
11570,
11571,
11572,
11573,
11574,
11575,
11576,
11577,
11578,
11579,
11580,
11581,
11582,
11583,
11584,
11585,
11586,
11587,
11588,
11590,
11591,
11592,
11593,
11594,
11595,
11596,
11597,
11598,
11599,
11600,
11601,
11602,
11603,
11604,
11605,
11606,
11607,
11608,
11609,
11610,
11611,
11612,
11613,
11614,
11615,
11616,
11617,
11618,
11619,
11620,
11621,
11622,
11623,
11624,
11625,
11626,
11627,
11628,
11629,
11630,
11631,
11632,
11633,Olukalala lw'abakola ennyimba mu Uganda
11634,
11635,
11636,
11637,
11638,
11639,
11640,
11641,
11642,
11643,
11644,
11645,
11646,
11647,
11648,
11649,
11650,
11651,
11652,
11653,
11654,
11655,
11656,
11657,
11658,
11659,
11660,
11661,
11662,
11663,
11664,
11665,
11666,
11667,
11668,
11669,
11670,
11671,
11672,
11673,
11674,
11675,
11676,
11677,
11678,
11679,
11680,
11681,
11682,
11683,
11684,
11685,
11686,
11687,
11688,
11689,
11690,
11691,
11692,
11693,
11694,
11695,
11696,
11697,
11698,
11699,
11700,
11701,
11702,
11703,
11704,
11705,
11706,
11707,
11708,
11709,
11710,
11711,
11712,
11713,
11714,
11715,
11716,
11717,
11718,
11719,
11720,
11721,
11722,
11723,
11724,
11725,
11726,
11727,
11728,
11729,
11730,
11731,
11732,
11733,
11734,
11735,
11736,
11737,
11738,
11739,
11740,
11741,
11742,
11743,
11744,
11745,
11746,
11747,
11748,
11749,
11750,
11751,
11752,
11753,
11754,
11755,
11756,
11757,
11758,
11759,
11760,
11761,Olukalala lw'abayimbi Bannayuganda
11762,
11763,
11764,
11765,
11766,
11767,
11768,
11769,
11770,
11771,
11772,
11773,
11774,
11775,
11776,
11777,
11778,
11779,
11780,
11781,
11782,
11783,
11784,
11785,
11786,
11787,
11788,
11789,
11790,
11791,
11792,
11793,
11794,
11795,
11796,
11797,
11798,
11799,
11800,
11801,
11802,
11803,
11804,
11805,
11806,
11807,
11808,
11809,
11810,
11811,
11812,
11813,
11814,
11815,
11817,
11818,
11819,
11820,
11821,
11822,
11823,
11824,
11825,
11826,
11827,
11828,
11829,
11830,
11831,
11832,
11833,
11834,
11835,
11836,
11837,
11838,
11839,
11840,
11841,
11842,
11843,
11844,
11845,
11846,
11847,
11849,
11850,
11851,
11852,
11853,
11854,
11855,
11856,
11857,
11858,
11859,
11860,
11861,
11862,
11863,Alum Sandra Ogwang Santa
11864,
11865,
11866,
11867,
11868,
11869,
11870,
11871,
11872,
11873,
11874,
11875,
11876,
11877,
11878,
11879,
11880,
11881,
11882,
11883,
11884,
11885,
11886,
11887,
11888,
11889,
11890,
11891,
11892,
11893,
11894,
11895,
11896,
11897,
11898,
11899,
11900,
11901,
11902,
11903,
11904,
11905,
11906,
11907,
11908,
11909,
11910,
11911,
11912,
11913,
11914,
11915,
11916,
11917,
11918,
11919,
11920,
11921,
11922,
11923,
11924,
11925,
11926,
11927,
11928,
11929,
11930,
11931,
11932,
11933,
11934,
11935,
11936,
11937,
11938,
11939,
11940,
11941,
11942,
11943,
11944,
11945,
11946,
11947,
11948,
11949,
11950,
11951,
11952,
11953,
11954,
11955,
11956,
11957,
11958,
11959,
11960,
11961,
11962,
11963,
11964,
11965,
11966,
11967,
11968,
11969,
11970,
11971,
11972,
11973,
11974,
11975,
11976,
11977,
11978,
11979,
11980,
11981,
11982,
11983,
11984,
11985,
11986,
11987,
11988,
11989,
11990,
11991,
11992,
11993,
11994,
11995,
11996,
11997,
11998,
11999,
12000,
12001,
12002,
12003,
12004,
12005,
12006,
12007,
12008,
12009,
12010,
12011,
12012,
12013,
12014,
12015,
12016,
12017,
12018,
12019,
12020,
12021,
12022,
12023,
12024,
12025,
12026,
12027,
12028,
12029,
12030,
12031,
12032,
12033,
12034,
12035,
12036,
12037,
12038,
12039,
12040,
12041,
12042,
12043,
12044,
12045,
12046,
12047,
12048,
12049,
12050,
12051,
12052,
12053,
12054,
12055,
12056,
12057,
12058,
12059,
12060,
12061,
12062,
12063,
12064,
12065,
12066,
12067,
12068,
12069,
12070,
12071,
12072,
12073,
12074,
12075,
12076,
12077,
12078,
12079,
12080,
12081,
12082,
12083,
12084,
12085,
12086,
12087,
12088,
12089,
12090,
12091,
12092,
12093,
12094,
12095,
12096,
12097,
12098,
12099,
12100,
12101,
12102,
12103,
12104,
12105,
12106,
12107,
12108,
12109,
12110,
12112,
12113,
12114,
12115,
12116,
12117,
12118,
12119,
12120,
12121,
12122,
12123,
12124,
12125,
12126,
12127,
12128,
12129,
12130,
12131,
12133,
12134,
12135,
12136,
12137,
12138,
12139,
12140,
12141,
12142,
12143,
12144,
12145,Minisitule y'ebyokwerinda n'ensonga z'abaazirwanako
12146,
12147,
12148,
12149,
12150,
12151,
12152,
12153,
12154,
12155,
12156,
12157,
12158,
12159,
12160,
12161,
12162,
12163,
12164,
12165,
12166,
12167,
12168,
12169,
12170,
12171,
12172,
12173,
12174,
12175,
12176,
12177,
12178,
12179,
12180,
12181,
12182,
12184,
12185,
12186,
12187,
12188,
12189,
12190,
12191,
12192,
12193,
12194,
12195,
12196,
12197,
12198,
12199,
12200,
12201,
12202,
12203,
12204,
12205,
12206,
12207,
12208,
12209,
12210,
12211,
12212,
12213,
12214,
12215,
12216,
12217,
12218,
12219,
12220,
12221,
12222,
12223,
12224,
12225,
12226,
12227,
12228,
12229,
12230,
12231,
12232,
12233,
12234,
12235,
12236,
12237,
12238,
12239,
12240,
12241,
12242,
12243,
12244,
12245,
12246,
12247,
12248,
12249,
12250,
12251,
12252,
12253,
12254,
12255,
12256,
12257,
12258,
12259,
12260,
12261,
12262,
12263,
12264,
12265,
12266,
12267,
12268,
12269,
12270,
12272,
12273,
12274,
12275,
12276,
12277,
12278,
12279,
12280,
12281,
12282,
12283,
12284,
12285,
12286,
12287,
12288,
12289,
12290,
12291,
12292,
12293,
12294,Irfan Afridi
12295,
12296,
12297,
12298,
12299,
12300,
12301,
12302,
12303,
12304,
12305,
12306,
12307,
12308,
12309,
12310,
12311,
12312,
12313,
12314,
12315,
12316,
12317,
12318,
12319,
12320,
12321,
12322,
12323,
12324,
12325,
12326,
12327,
12328,
12329,
12330,
12331,
12332,
12333,
12334,
12335,
12336,
12337,
12338,
12339,
12340,
12341,
12342,
12343,
12344,
12345,
12346,
12347,
12348,
12349,
12350,
12351,
12352,
12353,
12354,
12356,
12357,
12358,
12359,
12360,
12361,
12362,
12363,
12364,
12365,
12366,
12367,
12368,
12369,
12370,
12371,
12372,
12373,
12374,
12375,
12376,
12377,
12378,
12379,
12380,
12381,
12382,
12383,
12384,
12385,
12386,
12387,
12388,
12389,
12390,
12391,
12393,
12395,
12396,
12397,
12398,
12399,
12400,
12401,
12402,
12403,
12404,
12405,
12406,
12407,
12408,
12410,
12411,
12412,
12413,
12414,
12415,
12416,
12417,
12418,
12419,
12420,
12421,
12422,
12423,
12424,
12425,
12426,
12427,
12428,
12429,"1,000,000"
12430,"20,000"
12431,"10,000"
12432,0
12433,1
12434,1000 (ennamba)
12435,2
12436,
12437,
12438,
12439,
12440,
12441,
12442,
12443,
12444,
12445,
12446,
12447,
12448,
12449,
12450,
12451,
12452,
12453,
12454,
12455,
12457,
12458,
12459,
12460,
12461,
12462,
12463,
12464,
12468,
12469,
12470,
12471,
12473,
12474,
12475,
12476,Ukraine
12478,
12479,
12480,
12481,
12482,
12483,
12484,
12485,
12486,
12487,
12488,
12489,
12490,
12491,
12492,
12493,
12497,
12498,
12499,
12500,
12501,
12502,
12503,
12504,
12505,
12506,
12507,
12508,
12509,
12510,
12511,
12512,
12515,
12516,
12517,
12518,
12519,
12520,
12521,
12522,
12526,
12527,
12528,
12530,
12532,13 (ennamba)
12533,3
12534,4
12535,5
12536,6
12537,7
12538,8
12539,9
12540,10
12541,100
12542,2000 (ennamba)
12543,3000 (ennamba)
12544,4000 (ennamba)
12545,5000 (ennamba)
12547,36 (ennamba)
12548,
12549,
12550,
12551,47 (ennamba)
12552,
12554,
12555,
12556,
12557,
12558,
12559,
12560,
12561,
12562,
12563,
12564,
12565,
12566,
12567,
12568,
12569,
12570,
12571,
12572,
12573,
12574,
12575,
12576,
12577,
12578,
12579,
12580,
12581,
12582,
12583,
12584,
12585,
12586,
12587,
12588,
12589,
12590,
12591,
12592,
12593,
12594,
12595,
12596,
12597,
12598,
12600,
12601,
12602,
12603,
12604,
12606,
12607,
12609,
12610,
12611,
12612,
12613,
12616,
12617,
12618,
12619,
12620,
12621,
12622,
12623,
12624,
12625,
12626,
12627,
12628,
12629,
12630,
12631,
12632,
12633,
12634,
12636,
12637,
12638,
12639,
12640,
12641,
12642,
12643,
12644,
12645,
12646,
12648,
12649,
12650,Ahamed Siraj Kwikiriza
12651,Alice Muloki
12652,"Emmanuel College Kazo, Kampala"
12654,
12655,
12656,
12658,
12660,
12661,
12662,
12663,
12665,
12666,
12667,
12668,
12669,
12671,
12672,
12673,
12674,
12676,
12677,
12678,
12679,
12680,
12681,
12682,
12683,
12684,
12685,
12686,
12687,
12688,
12689,
12690,
12691,
12692,
12693,
12694,
12695,
12696,
12697,
12698,
12699,
12700,
12701,
12702,
12703,
12704,
12705,
12706,
12707,
12708,
12709,
12710,
12711,
12712,
12713,
12714,
12715,
12716,
12717,
12718,
12719,
12720,
12721,
12722,
12723,
12724,
12725,
12726,
12727,
12728,
12729,
12730,
12731,
12732,
12733,
12734,
12735,
12736,
12737,
12738,
12739,
12740,
12741,
12743,
12744,
12745,
12746,
12747,
12748,
12749,
12750,
12751,
12752,
12753,
12754,
12755,
12756,
12757,
12758,
12759,
12760,
12761,
12762,
12763,
12764,
12765,
12766,
12767,Charity Lenia
12768,
12769,
12770,
12771,
12772,
12773,
12774,
12775,
12776,
12777,
12778,
12779,
12780,
12781,
12782,
12783,
12784,
12785,
12786,
12787,
12788,
12789,
12790,
12791,
12792,
12793,
12794,
12795,
12796,
12797,
12798,
12799,
12800,
12801,
12802,
12803,
12804,
12805,
12806,
12807,
12808,
12809,
12810,
12811,
12812,
12813,
12814,
12815,
12816,
12817,
12818,
12819,
12820,
12821,
12822,
12823,
12824,
12826,
12827,
12828,
12829,
12830,
12831,
12832,
12833,
12834,
12835,
12836,
12837,
12838,
12839,
12840,
12841,
12842,
12843,
12844,
12845,
12846,
12847,
12848,
12849,
12850,
12851,
12852,
12853,
12854,
12856,
12857,
12858,
12859,
12860,
12861,
12862,
12863,
12864,
12865,
12866,Ebola
12867,
12868,
12869,
12870,
12871,
12872,
12873,
12874,
12875,
12876,
12877,
12878,
12879,
12880,
12881,
12882,
12883,
12885,
12886,
12887,
12888,
12889,
12890,
12891,
12892,
12893,
12894,
12895,
12896,
12898,
12899,
12900,
12901,
12902,
12903,
12904,
12905,
12906,
12907,
12908,
12909,
12910,
12911,
12912,
12913,
12914,
12915,
12916,
12917,
12918,
12919,
12920,
12921,
12922,
12923,
12924,
12925,
12926,
12927,
12928,
12929,
12930,
12931,
12932,
12933,
12934,
12935,
12936,
12937,
12938,
12939,
12940,
12941,
12942,
12943,
12944,
12945,
12946,
12947,
12948,
12949,
12950,
12951,
12952,
12953,
12954,
12955,
12956,
12957,
12958,
12959,
12960,
12961,
12962,
12963,
12964,
12965,
12966,
12967,
12968,
12969,
12970,
12971,
12972,
12973,
12974,
12975,
12976,
12977,
12978,
12979,
12980,
12981,
12982,
12983,
12984,
12985,
12986,
12987,
12988,
12989,
12990,
12991,
12992,
12993,
12994,
12995,
12996,
12997,
12998,
12999,
13000,
13001,
13002,
13003,
13004,
13005,
13006,
13007,
13008,
13010,
13011,
13012,
13013,
13014,
13015,
13016,
13017,
13018,
13019,
13020,
13021,
13022,
13023,
13024,
13025,
13026,
13027,
13028,
13029,
13030,
13031,
13032,
13033,
13034,
13035,
13036,
13037,
13038,
13039,
13041,Teacher Mpamire
13043,
13044,
13045,
13046,
13047,
13048,
13049,
13050,
13051,
13052,
13053,
13054,
13055,
13056,
13057,
13058,
13059,
13060,
13061,
13062,
13063,
13064,
13065,
13066,
13067,
13068,
13069,
13070,
13071,
13072,
13074,Elton Joseph Mabirizi
13075,
13076,
13077,
13078,
13079,
13080,
13081,
13082,
13083,
13084,
13085,Denis Obua
13086,
13087,
13088,
13089,
13090,
13091,
13092,
13094,
13095,
13096,
13097,
13098,
13099,
13100,
13101,
13102,
13103,
13104,
13105,
13106,
13107,
13108,
13109,
13110,
13111,
13112,
13113,
13114,
13115,
13116,
13117,
13119,
13120,
13121,
13122,
13123,
13124,
13125,
13126,
13127,
13128,
13129,
13130,
13131,
13132,Akakiiko k'ebyokulonda mu Uganda
13134,
13135,
13136,Emyezi mu Luganda
13137,Munyagwa Mubarak Sserunga
13138,
13139,
13140,
13141,
13142,
13143,Sitya Loss
13144,
13145,
13146,
13147,
13148,
13149,
13150,
13151,
13152,
13153,
13154,
13155,
13156,
13157,
13158,
13159,
13160,
13161,
13162,
13164,
13165,
13166,
13167,
13168,
13169,
13170,
13171,
13172,
13173,
13174,
13175,
13176,
13177,
13178,
13179,
13180,
13181,
13182,
13183,
13184,
13185,
13186,
13188,
13189,
13190,
13191,
13192,
13193,
13194,
13195,
13196,
13197,
13198,
13199,
13200,
13201,
13202,
13203,
13204,
13205,
13206,
13207,
13208,
13209,
13210,
13211,
13212,
13213,
13214,
13215,
13216,
13217,
13218,
13219,
13220,
13221,
13222,
13223,
13224,
13225,
13226,
13227,
13228,
13229,
13230,
13231,
13232,
13233,
13234,
13235,
13236,
13237,
13238,
13239,
13240,
13241,
13242,
13243,
13244,
13245,
13246,
13247,
13248,
13249,
13250,
13251,
13252,
13253,
13254,
13255,
13256,
13257,
13258,
13259,
13260,
13261,
13262,
13263,
13264,
13265,
13266,
13267,
13268,
13269,
13270,
13271,
13272,
13273,
13274,
13275,
13276,
13277,Milege Afrojazz Band
13278,
13279,
13280,
13281,
13282,
13283,
13285,
13286,
13287,
13288,
13289,
13290,
13291,
13292,
13293,
13294,
13295,
13296,
13297,
13298,
13299,
13300,
13301,
13302,
13303,
13304,
13305,
13306,
13307,
13308,
13309,
13310,
13311,
13312,
13313,
13315,
13316,
13317,
13318,
13319,
13320,
13321,
13322,
13323,
13324,
13325,
13326,
13327,
13328,
13329,
13330,
13331,
13332,
13333,
13334,
13345,
13346,
13352,
13360,
13372,
13373,
13376,
13377,
13396,
13397,
13398,
13399,
13422,
13423,
13426,
13427,
13428,
13429,
13430,
13436,
13437,
13444,
13445,
13451,
13452,
13455,
13456,
13457,
13458,
13459,
13460,
13461,
13470,
13471,
13476,
13477,
13478,
13480,
13481,
13482,
13484,
13485,
13486,
13487,
13513,
13514,
13529,
13530,
13535,
13536,
13554,
13555,
13565,
13566,
13567,
13568,
13569,
13570,
13571,
13572,
13573,
13574,
13575,
13577,
13586,
13587,
13588,
13593,Wikipedia:Administrators' noticeboard
13596,
13597,
13598,
13599,
13600,
13601,
13604,
13605,
13606,
13607,
13608,
13609,
13610,
13611,
13617,
13618,
13621,
13622,
13628,
13629,
13634,
13635,
13649,
13650,
13651,
13652,
13653,
13654,
13655,
13656,
13657,
13658,
13659,
13661,
13662,
13673,
13674,
13683,
13687,
13688,
13689,
13690,
13691,
13692,
13693,
13694,
13695,
13696,
13697,
13712,
13714,
13717,
13722,
13723,
13732,
13733,
13734,
13735,
13736,
13737,
13738,
13739,
13740,
13751,
13752,
13753,
13754,
13755,
13756,
13757,
13758,
13759,
13760,
13761,
13762,
13763,
13764,
13765,
13766,
13767,
13768,
13769,
13770,
13771,
13772,
13773,
13774,
13775,
13776,
13778,
13779,
13780,
13781,
13782,
13783,
13784,
13785,
13786,
13787,
13788,
13789,
13790,
13791,
13792,
13793,
13794,
13795,
13796,
13797,
13798,
13799,
13800,
13801,
13802,
13803,
13804,
13805,
13806,
13807,
13808,
13809,
13810,
13811,
13812,
13813,
13814,
13815,
13816,
13817,
13818,
13819,
13820,
13821,
13822,
13823,
13824,
13825,
13826,
13827,
13828,
13829,
13830,
13831,
13832,
13833,
13834,
13835,
13836,
13837,
13838,
13839,
13840,
13841,
13842,
13843,
13844,
13845,
13846,
13847,
13848,
13849,
13850,
13851,
13852,
13853,
13854,
13855,
13856,
13857,
13858,
13859,
13860,
13861,
13862,
13863,
13864,
13865,
13866,
13867,
13868,
13869,
13870,
13871,
13872,
13873,
13874,
13875,
13876,
13877,
13878,
13879,
13880,
13881,
13882,Minisitule y'amazzi n'obutonde bw'ensi (Uganda)
13883,
13884,
13885,
13886,
13887,
13888,
13889,
13890,
13891,
13892,
13893,
13894,
13895,
13896,Lubaga Hospital
13897,
13898,
13899,
13900,
13901,
13902,
13903,
13904,
13905,
13906,6000 (ennamba)
13907,7000 (ennamba)
13908,8000 (ennamba)
13909,9000 (ennamba)
13910,500 (ennamba)
13911,
13912,48 (ennamba)
13913,
13914,49 (ennamba)
13915,50 (ennamba)
13916,46 (ennamba)
13917,22 (ennamba)
13918,21 (ennamba)
13919,11 (ennamba)
13920,200 (ennamba)
13921,400 (ennamba)
13922,300 (ennamba)
13923,
13924,9999 (ennamba)
13925,
13926,51 (ennamba)
13927,51 (ennamba)
13928,
13929,52 (ennamba)
13930,
13931,53 (ennamba)
13932,
13933,54 (ennamba)
13935,45 (ennamba)
13936,24 (ennamba)
13937,
13938,
13939,
13940,
13941,
13942,
13943,
13944,
13945,
13946,70 (ennamba)
13947,700 (ennamba)
13948,
13949,55 (ennamba)
13952,
13953,
13954,
13955,
13957,
13959,
13960,
13962,
13963,
13964,Malakwang
13965,
13966,20 (ennamba)
13967,26 (ennamba)
13968,28 (ennamba)
13969,27 (ennamba)
13970,29 (ennamba)
13971,23 (ennamba)
13972,16 (ennamba)
13973,30 (ennamba)
13974,25 (ennamba)
13975,BBC News
13976,B2C Entertainment
13977,Bayibuli (Ekitabo Ekitukuvu)
13979,
13980,
13981,32 (ennamba)
13982,Bernard Kabanda Ssaalongo
13983,Olupapula Olusooka
13988,
13989,
13990,
13991,
13992,
13993,
13994,
13996,2nd emyaka lukumi
13998,
13999,
14000,56 (ennamba)
14001,
14002,57 (ennamba)
14003,
14004,58 (ennamba)
14005,
14006,
14007,
14008,
14009,
14010,
14011,
14012,
14014,
14015,
14017,
14018,
14019,
14020,
14021,
14022,
14023,
14024,
14025,
14026,
14027,
14028,
14031,
14032,Bruno K
14033,
14037,
14038,Ibrahim Juma (omuzannyi w'omupiira)
14043,
14044,
14045,
14046,
14047,59 (ennamba)
14048,60 (ennamba)
14050,Charles Onyango-Obbo
14051,"Clark County, Ohio"
14052,"Ebigendererwa, Ebiruubirirwa, n'Ebiruubiriro(Goals, Aims, and Objectives)"
14053,Ebinyeebwa
14054,
14056,
14057,
14058,
14059,
14060,
14061,
14062,
14063,
14064,
14065,
14066,
14067,
14068,62 (ennamba)
14072,
14073,61 (ennamba)
14074,90 (ennamba)
14075,900 (ennamba)
14076,800 (ennamba)
14077,600 (ennamba)
14078,31 (ennamba)
14079,David Marus
14080,
14081,
14082,63 (ennamba)
14083,
14084,40 (ennamba)
14085,42 (ennamba)
14086,41 (ennamba)
14087,44 (ennamba)
14088,43 (ennamba)
14089,38 (ennamba)
14090,37 (ennamba)
14091,39 (ennamba)
14092,34 (ennamba)
14093,33 (ennamba)
14094,35 (ennamba)
14095,80 (ennamba)
14096,12 (ennamba)
14097,18 (ennamba)
14098,17 (ennamba)
14099,19 (ennamba)
14100,14 (ennamba)
14101,15 (ennamba)
14102,
14103,64 (ennamba)
14104,
14105,
14106,
14107,65 (ennamba)
14108,66 (ennamba)
14109,67 (ennamba)
14110,
14111,68 (ennamba)
14112,
14113,
14114,
14115,
14116,
14117,
14118,Deborah A. Driscoll
14119,"Essaza lye Decatur, Georgia"
14120,"Essaza lye Deaf Smith,Texas"
14121,"Essaza lye DeWitt, Texas"
14122,"Essaza lye DeKalb, Missouri"
14123,"Essaza lye DeKalb, Georgia"
14124,"Essaza lye Delaware, Ohio"
14125,"Essaza lye Defiance, Ohio"
14126,Denis Obua
14127,Denis Ssebuggwawo Wasswa
14128,Denis Williams
14129,Dennis Okot
14130,"Essaza lya Dent, Missouri"
14131,"Essaza lye Denton, Texas"
14132,Derrick Orone
14133,Dhoihir Dhoulkamal
14134,"Essaza lye Dickens, Texas"
14135,"Essaza lye Dimmit, Texas"
14137,Ennamba etuukiridde
14138,
14140,
14141,
14142,
14143,
14144,
14145,
14146,
14147,
14148,69 (ennamba)
14149,71 (ennamba)
14150,
14151,
14152,
14153,
14154,
14155,72 (ennamba)
14156,
14157,
14158,
14159,
14160,
14161,
14162,
14163,
14164,
14165,
14166,
14167,
14168,
14169,
14170,
14174,
14178,
14179,
14180,"Essaza lye Dougherty, Georgia"
14181,"Essaza lye Douglas, Georgia"
14182,"Essaza lye Dunklin, Missouri"
14183,"Essaza lye Duval, Texas"
14184,
14185,
14186,
14187,
14189,"Essaza lya Early, Georgia"
14190,
14191,
14192,
14193,
14194,
14196,
14197,"Essaza lya Fairfield, Ohio"
14198,"Essaza lya Falls, Texas"
14199,"Essaza lya Fannin, Georgia"
14200,"Essaza lya Fannin, Texas"
14201,Fatim Badjie
14202,"Essaza lya Fayette, Georgia"
14203,"Essaza lye Fayette, Kentucky"
14204,"Essaza lye Fayette, Ohio"
14205,"Essaza lye Fayette, Texas"
14207,"Essaza lye Fisher, Texas"
14208,Florentino Mendes Pereira
14209,"Essaza lye Floyd, Georgia"
14210,"Essaza lye Floyd, Kentucky"
14211,"Essaza lye Floyd, Texas"
14212,"Essaza lye Foard, Texas"
14213,"Essaza lye Forsyth, Georgia"
14214,"Essaza lye Fort Bend, Texas"
14215,Frank Nabwiso
14216,"Essaza lye Franklin, Georgia"
14217,"Essaza lye Franklin, Kentucky"
14218,"Essaza lye Franklin, Missouri"
14219,"Essaza lye Franklin, Ohio"
14220,"Essaza lye Franklin, Texas"
14221,"Essaza lye Freestone, Texas"
14222,"Essaza lye Frio,Texas"
14223,"Essaza lye Fulton, Georgia"
14224,"Essaza lye Fulton, Kentucky"
14225,"Essaza lye Fulton, Ohio"
14226,"Essaza lye Gaines,Texas"
14227,"Essaza lye Gallatin, Kentucky"
14228,"Essaza lye Gallia, Ohio"
14229,"Essaza lye Galveston,Texas"
14230,"Essaza lye Garrard, Kentucky"
14231,
14232,"Essaza lye Garza,Texa"
14233,"Essaza lye Gasconade, Missouri"
14234,"Essaza lye Gentry, Missouri"
14235,Geoffrey Kizito
14236,
14237,
14245,
14246,
14248,
14249,
14250,
14251,
14252,
14253,
14255,
14256,
14257,Geoffrey Tumusiime
14258,George Didi Bhoka
14259,George Moraes
14260,George Openjuru
14261,Germaine Kouméalo Anaté
14262,"Essaza lya Gillespie,Texas"
14263,"Essaza lye Gilmer, Georgia"
14264,"Essaza lya Glascock, Georgia"
14265,"Essaza lya Glasscock, Texas"
14266,"Essaza lye Glynn, Georgia"
14267,Godfrey Kisitu
14268,"Essaza lye Goliad, Texas"
14269,"Essaza lye Gonzales, Texas"
14270,"Essaza lye Gordon, Georgia"
14271,Gorretti Byomire
14272,"Essaza lye Grady, Georgia"
14273,"Essaza lye Grant, Kentucky"
14274,"Essaza lye Graves, Kentucky"
14275,"Essaza lye Gray, Texas"
14276,"Essaza lye Grayson, Kentucky"
14277,"Essaza lye Grayson, Texas"
14278,"Essaza lye Green, Kentucky"
14279,"Essaza lye Greene, Georgia"
14280,"Essaza lye Greene, Missouri"
14281,"Essaza lye Greene, Ohio"
14282,"Essaza lye Greenup, Kentucky"
14283,"Essaza lye Gregg, Texas"
14284,"Essaza lye Grimes,Texas"
14285,"Essaza lye Grundy, Missouri"
14286,"Essaza lye Guadalupe,Texas"
14287,"Essaza lye Hale,Texas"
14288,"Essaza lye Hall,Texas"
14289,"Essaza lye Hall, Georgia"
14290,"Essaza lye Hamilton,Texas"
14291,"Essaza lye Hamilton, Ohio"
14292,"Essaza lye Hancock, Georgia"
14293,"Essaza lye Hancock, Kentucky"
14294,"Essaza lye Hancock, Ohio"
14295,"Essaza lye Hansford,Texas"
14296,"Essaza lye Haralson, Georgia"
14297,"Essaza lye Hardeman, Texas"
14298,"Essaza lye Hardin, Kentucky"
14299,"Essaza lye Hardin, Ohio"
14300,"Essaza lye Hardin, Texas"
14301,"Essaza lye Harlan, Kentucky"
14302,"Essaza lye Harris, Georgia"
14303,"Essaza lye Harris, Texas"
14304,"Essaza lye Harrison, Kentucky"
14305,"Essaaza lye Harrison, Missouri"
14306,"Essaza lye Harrison, Ohio"
14307,"Essaza lye Harrison, Texas"
14308,"Essaza lye Hart, Georgia"
14309,"Essaza lye Hart, Kentucky"
14310,"Essaza lye Hartley, Texas"
14311,
14313,"Essaza lye Haskell, Texas"
14314,
14315,"Essaza lye Heard, Georgia"
14316,"Essaza lye Hemphill, Texas"
14317,"Essaza lye Henderson, Kentucky"
14318,"Essaza lye Henderson, Texas"
14319,"Essaza lye Henry, Ohio"
14320,"Essaza lye Hickman, Kentucky"
14321,"Essaza lye Hickory, Missouri"
14322,"Essaza lye Hidalgo, Texas"
14323,"Essaza lye Highland, Ohio"
14325,Misiri
14327,Aaliyah Nanfuka
14339,
14371,
14407,
14411,
14412,
14413,Paalamenti ya Uganda
14414,
14415,
14416,
14417,
14419,
14420,
14449,Minisitule y'ensonga ez'ebweru mu Uganda
14468,
14469,
14470,
14471,Forum for Democratic Change (FDC)
14472,
14473,
14491,
14492,
14493,
14496,
14515,
14516,
14519,Goodlyfe Crew
14520,
14524,
14526,
14527,
14528,
14529,
14530,
14531,
14549,
14550,
14551,
14552,
14553,
14554,
14585,Goodlyfe Crew
14589,Abraham Luzzi
14613,
14614,
14615,
14616,
14617,
14618,
14619,
14620,
14621,
14622,
14623,
14624,
14625,
14626,
14627,
14690,Bruno K
14696,
14711,Vinka (musician)
14712,Vinka (musician)
14735,Abayudaaya
14754,
14762,
14810,
14811,
14812,
14813,
14814,
14815,
14816,
14817,
14818,
14821,
14822,
14824,
14826,
14829,
14831,
14835,
14837,Akayanja ka Kabaka.
14838,Akayanja ka Kabaka.
14840,Akayanja ka Kabaka.
14841,
14843,
14844,
14850,
14851,
14852,
14854,
14857,
14863,
14865,
14866,
14873,
14893,
14894,
14895,
14928,
14929,
14945,Uganda
14946,
14953,
14963,
14964,
14977,
14978,
14979,
14980,
14981,
14982,
14983,
14984,
14988,
15005,
15006,
15007,
15014,
15015,
15016,
15017,
15018,
15019,
15028,
15033,
15046,
15050,
15051,
15052,
15063,
15078,Uganda Airlines (1976-2001)
15113,
15123,Okulonda kwa bonna mu Uganda okwa 2026
15124,
15130,
15131,
15132,
15152,
15153,
15154,
15155,
15156,
15157,
15209,
15210,
15211,
15212,
15213,
15214,
15216,
15220,
15221,
15222,
15223,
15224,
15225,
15226,
15229,Michael Rapoport
15244,
15245,William Canby
15247,
15250,
15277,John Maviiri
15299,Wilson Busienei
15316,"Alamara Nhassé,"
15353,
15354,Rwot Acana
15372,
15391,
15392,
15400,
15401,
15411,Allan Okello
15428,Josephine Pedun
15429,Ahmed Attoumani Douchina
15430,
15446,
15448,
15449,
15456,
15459,
15468,9000 (ennamba)
15472,
15478,
15479,
15486,
15494,
15496,
15503,
15504,
15518,
15532,Pader District
15533,
15534,
15535,
15536,
15537,
15540,
15543,Paalamenti ya Uganda
15544,
15551,
15553,
15554,
15555,
15556,B2C Entertainment
15557,
15558,
15559,
15561,
15563,
15569,
15593,
15594,
15601,
15602,
15603,
15604,
15605,
15606,
15607,
15612,
15613,
15615,
15619,
15621,
15625,
15635,
15636,
15641,
15650,
15652,
15653,
15655,
15666,
15667,
15668,
15671,
15672,
15673,
15676,
15679,
15680,
15682,
15683,
15684,
15685,
15686,
15687,
